cluster,keyword_count,total_search_volume,top_keyword,top_keyword_volume,page_type,recommended_strategy
SEO reporting,19,5830,seo reporting for clients,,Solution + template cluster,"Build the category hub for SEO reports, GSC, keyword/rank reporting, PageSpeed, local SEO, and client-ready SEO templates."
Paid ads reporting,64,2150,ppc reporting template,,Solution + connector cluster,"Build paid-media reporting around Google Ads, Meta/Facebook Ads, PPC, ROAS, CPA, and multi-channel paid performance."
Social reporting,14,1620,social media reporting template,,Solution + template cluster,"Build social reporting around social media report templates, Instagram, Facebook Insights, LinkedIn, TikTok, and YouTube."
Core marketing reporting,28,1610,software reporting tool,,Core category page,Refresh the core category around simple automated marketing reporting software for agencies.
Competitor alternatives / comparison,118,1530,agencyanalytics alternative,,Comparison page,"Build honest alternative pages for AgencyAnalytics, DashThis, Whatagraph, Swydo, 2-Minute Reports, Supermetrics, Looker Studio, and similar tools."
White-label reporting,27,690,white label seo audit tool,,Solution page,"Make white-label reporting a pillar with brand control, client-ready proof, examples, and agency workflow CTAs."
Dashboards / KPI reporting,8,660,marketing dashboard software,,Solution/glossary page,Build dashboard and KPI pages that support the commercial reporting clusters.
Agency/client reporting,28,640,client reporting tool,,Core category page,"Build the strongest client reporting hub in the market for agency reporting chaos, automation, trust, and delivery."
Connector / source reporting,24,440,google analytics reporting template,,Connector page,Use GA4/GSC/source-specific pages to connect integration intent to report templates and solution pages.
AI-assisted reporting,83,190,ai reporting tools,,AI solution page,"Own AI-assisted agency reporting: reliable connector truth, white-label delivery, editable insights, API/MCP direction."
Destination workflows: Sheets / Looker Studio,14,0,,,Workflow/destination page,Decide where to compete with Sheets/Looker workflows and where to position Oviond as the less-fragile agency-grade alternative.
