url,cluster,title,h1,description,bytes
https://www.oviond.com/digital-marketing-reporting-explained/,blog/other,Digital Marketing Reporting Explained In 6 Easy Steps | Oviond,Digital Marketing Reporting Explained in 6 Easy Steps,Digital marketing reporting explained in understandable bites to improve your marketing effectiveness.,156219
https://www.oviond.com/the-best-excel-marketing-dashboard-templates/,templates,The Best Excel Marketing Dashboard Templates | Oviond,The Best Excel Marketing Dashboard Templates,"Discover top Excel marketing dashboard templates to track key metrics efficiently. Elevate your strategy with user-friendly, insightful tools.",155284
https://www.oviond.com/white-label-seo-dashboards/,solution/keyword pages,White Label SEO Dashboard: A Great Tool For Boosting Client Engagement | Oviond,White Label SEO Dashboard: a Great Tool for Boosting Client Engagement,"Discover how a White Label SEO Dashboard can transform your client reports, enhancing relationships and elevating your agency's brand presence.",131731
https://www.oviond.com/ai-30-new-templates-and-centralized-asset-library/,templates,Oviond AI: Enhancing Client Reporting For Your Marketing Agency | Oviond,Oviond AI: Enhancing Client Reporting for Your Marketing Agency,"We're excited to introduce Oviond AI, helping marketers analyze data, strategize, and write reports quickly. Integrated with OpenAI's GPT-3.5 and GPT-4.0, with upcoming direct API connections. Also, check out our 30+ new dashboard and report templates for faster project creation, and our new Universal Asset Library for streamlined asset management.",98806
https://www.oviond.com/how-to-include-effective-insights-in-your-marketing-reports/,blog/other,Harnessing Marketing Insights For Impactful Digital Reports | Oviond,Harnessing Marketing Insights for Impactful Digital Reports,Including effective insights in your digital marketing reports to complement data visualizations and metrics is a must for any digital marketing agency. Take a look at this blog to see what options are available to you for adding effective insights to your report.,104382
https://www.oviond.com/harnessing-the-power-of-white-label-seo-reporting-dashboards-with-oviond/,solution/keyword pages,Harnessing The Power Of White Label SEO Reporting Dashboards With Oviond | Oviond,Harnessing the Power of White Label SEO Reporting Dashboards with Oviond,"Maximize your brand with a white label SEO reporting dashboard, offering real-time insights and customization for client success.",117330
https://www.oviond.com/unlocking-the-secrets-websites-seo-reporting/,blog/other,From Data To Strategy: The Power Of A Website SEO Report,From Data to Strategy: The Power of a Website SEO Report,"This comprehensive guide simplifies websites SEO reporting with tips on choosing metrics, designing visuals, avoiding mistakes, and tailoring reports to client goals.",134679
https://www.oviond.com/harnessing-your-agencies-brand-power-how-white-label-google-analytics-reports-build-trust/,solution/keyword pages,How To Harness White Label Google Analytics Reports For Brand Power,Harnessing Your Agency’s Brand Power: How White Label Google Analytics Reports Build Trust,"Discover the power of White Label Google Analytics reports. Transition from generic to branded insights, boosting client trust. Dive in to learn more!",124814
https://www.oviond.com/client-reporting-software/,solution/keyword pages,Save Time & Impress Clients: Client Reporting Software For Growing Agencies | Oviond,Save Time & Impress Clients: Client Reporting Software for Growing Agencies,"Start using client reporting software to transform data into easy conversations, boosting trust and simplifying your agency's workflow.",149199
https://www.oviond.com/dashboards-vs-reports-assessing-the-differences-and-similarities/,alternatives/comparisons,Dashboards Vs Reports: Assessing The Differences And Similarities | Oviond,Dashboards vs Reports: Assessing The Differences And Similarities,"Although reports and dashboards perform similar functions, they are distinct, each with its own value and array of applications. A big challenge faced by marketers is how to present data to clients correctly.",107476
https://www.oviond.com/best-crm-for-digital-marketing-agency-needs/,blog/other,Selecting The Best CRM For Digital Marketing Agency Needs | Oviond,Selecting the Best CRM for Digital Marketing Agency Needs,"When researching the best CRM for digital marketing agency success, focus on integration, automation, and analytics capabilities that will power data-driven growth strategies for improved oversight.",130935
https://www.oviond.com/mastering-seo-reporting-a-guide-to-choosing-the-best-white-label-seo-report-generator/,solution/keyword pages,Mastering SEO Reporting: Choosing The Best White Label SEO Report Generator,White Label SEO Report Generator Tools: Top 9 and Why Your Agency Needs One,"A white label SEO report generator lets agencies showcase dynamic SEO analytics and strategic insights under their own branding – no boxy third-party logos in sight. Finally, customized reporting reinforcing your reputation as client heroes!",184746
https://www.oviond.com/ultimate-guide-best-seo-report-software-2024/,blog/other,Best SEO Report Software For Success In 2024,Best SEO Report Software for Success in 2024: Your Ultimate Guide,"Dive into the best SEO report software of 2024. Discover features, comparisons, and how tools like Ahrefs, Semrush, and SpyFu stand out.",129804
https://www.oviond.com/client-retention-in-the-digital-age-four-strategies-every-marketing-agency-should-know/,blog/other,Boost Client Retention Rates: 4 Must-Know Digital Marketing Strategies For Agencies | Oviond,Boost Client Retention Rates: 4 Must-Know Digital Marketing Strategies for Agencies,"Client retention strategies build loyalty and trust to increase repeat business. Tailor customer service, gifts, communication channels, and personalization to demonstrate value beyond transactions.",149856
https://www.oviond.com/what-is-seo-reporting/,blog/other,Analytics SEO Report Mastery In One Guide: Extracting Value From Your Data | Oviond,Analytics SEO Report Mastery in One Guide: Extracting Value from Your Data,Craving top search rankings? This guide lights the analytics reporting path. We distill must-track metrics for decoding search algorithm mysteries and rising above competitors. Leverage our road-tested data consolidation techniques and reporting toolkit guiding even website newbies towards optimization fame. Soon you’ll have the insights and confidence to claim search dominance. Let the expert-fueled reporting transformation begin!,153013
https://www.oviond.com/digital-agency-workflow/,blog/other,Future-Proof Your Business: Enhancing Your Digital Agency Workflow | Oviond,Future-Proof Your Business: Enhancing Your Digital Agency Workflow,"Up your digital agency workflow through strategic efficiency optimizations enabling fearless scaling, igniting innovation and propelling productivity.",144389
https://www.oviond.com/custom-reporting-tools/,solution/keyword pages,6 Essential Features To Look For In Custom Reporting Tools | Oviond,6 Essential Features to Look for in Custom Reporting Tools,"Custom reporting tools place easy-to-use yet powerful data analytics tailored to your team’s needs directly at your fingertips. Streamline reporting automation, enrich insights via custom models, and integrate predictive intelligence discreetly into workflows using the latest specialized solutions.",125138
https://www.oviond.com/kpi-reporting-tools/,solution/keyword pages,KPI Reporting Tools: Unlocking Potential And Achieving Goals | Oviond,KPI Reporting Tools: Unlocking Potential and Achieving Goals,"Exploring KPI reporting tools? This article breaks down their perks: smarter decisions, easy tracking, cool visuals, and major time-savers!",145351
https://www.oviond.com/building-the-perfect-ppc-report/,blog/other,Building The Perfect PPC Report Template | Oviond,Building the Perfect PPC Report Template,A PPC report template organizes campaign data into an easy-to-digest format. Learn the key elements for creating an effective template to showcase vital data.,125241
https://www.oviond.com/search-engine-marketing-reporting-software/,solution/keyword pages,Essential Strategies For Agency-Level Search Engine Marketing Reporting Software | Oviond,Essential Strategies for Agency-Level Search Engine Marketing Reporting Software,"Explore Search Engine Marketing Reporting Software: the key to unlocking data-driven insights for robust analytics, strategy optimization, and enhanced ROI.",139199
https://www.oviond.com/dashboard-and-reporting-software/,solution/keyword pages,Insights To Action: Leveraging Dashboard And Reporting Software For Business Growth | Oviond,Insights to Action: Leveraging Dashboard and Reporting Software for Business Growth,"Dashboard and reporting tools are essential for marketing agencies, offering tailored solutions for data-driven insights and strategic growth.",194033
https://www.oviond.com/automated-marketing-reports/,solution/keyword pages,Scale Your Marketing Agency: Master The Art Of Time-Saving Automated Marketing Reports | Oviond,Scale Your Marketing Agency: Master the Art of Time-Saving Automated Marketing Reports,Reporting week for digital marketers can often be the most daunting and tedious period in a month. Find out how automation can save you and your business valuable time and unnecessary stress.,114784
https://www.oviond.com/introducing-dark-mode-streamlined-integrations-39-plan-and-new-partnerships-with-pinterest-mailpot-and-ticktock-ads-ovionds-all-in-one-update/,integrations/data-sources,"Oviond: Dark Mode, New $39 Plan & Fresh Data Sources","Introducing Dark Mode, Streamlined Integrations, and New Partnerships with Pinterest, MailPoet, and TikTok Ads","Discover Oviond's latest update: Dark Mode for a sleek UI, seamless data source management, a new $39 plan for emerging agencies, and integrations with Pinterest, Mailpot, and Ticktock Ads.",98157
https://www.oviond.com/introducing-multi-language-support-enhanced-queries-and-new-integrations-to-oviond/,integrations/data-sources,"Multi-Language Support, New Queries & 3 New Data Sources","Introducing Multi-Language Support, Enhanced Queries, and New Integrations","Unveiling Oviond's transformative update: Multi-language support, quick report generation with new pre-built queries, and data sources with Twilio, Switchy.io, and Salesforce.",95087
https://www.oviond.com/unlocking-the-power-of-a-white-label-marketing-dashboard-for-your-digital-agency/,solution/keyword pages,Mastering The White Label Marketing Dashboard | Oviond,Unlocking The Power of a White Label Marketing Dashboard for Your Digital Agency,"Delve into the world of white label marketing dashboards with Oviond. Learn its significance, features, and how it revolutionizes digital marketing reporting",113357
https://www.oviond.com/boost-your-clients-success-with-these-proven-year-end-social-media-reports-from-your-digital-marketing-agency/,blog/other,Boost Client Success: Proven Year-End Social Media Reports With Oviond,Boost Your Clients’ Success with These Proven Year-End Social Media Reports from Your Digital Marketing Agency,Boost your clients' success with Oviond's comprehensive year-end social media reports. Enhance productivity and results with precision reporting.,107593
https://www.oviond.com/the-secret-formula-to-creating-an-amazing-yearly-social-media-report-for-your-digital-marketing-agency-clients/,blog/other,Master Yearly Social Media Reports With Oviond: A Game-Changer,The secret formula to creating an amazing yearly social media report for your digital marketing agency clients,Discover the secret formula to creating effective yearly social media reports with Oviond. Enhance your agency's approach to reporting and drive growth.,111684
https://www.oviond.com/a-digital-marketers-guide-to-seo-and-sem/,blog/other,A Digital Marketer's Guide To SEO And SEM | Oviond,A Digital Marketer’s Guide to SEO and SEM,SEO and SEM are terms that are often used together to describe the process or set of actions a business takes to optimize website performance on search engines. It's important for any digital marketing professional to understand the differences between these two terms in order to maximize their marketing results.,97869
https://www.oviond.com/serpstat-learn-about-our-new-integration-partner/,integrations/data-sources,Serpstat: Learn About Our New Integration Partner | Oviond,Serpstat: Learn About Our New Integration Partner,"In this blog, we will outline who Serpstat is, the key aspects of their software, and how you can benefit from incorporating this integration into your Oviond reports.",97285
https://www.oviond.com/klaviyo-and-oviond-the-future-of-email-marketing-reporting/,blog/other,Klaviyo & Oviond: The Future Of Email Marketing Reporting | Oviond,Klaviyo & Oviond: The Future Of Email Marketing Reporting,"There are various tools available to help e-commerce brands monitor, measure and report on the performance of their email campaigns. That is why we here at Oviond have partnered with one of these great tools...Klaviyo!",95913
https://www.oviond.com/why-less-is-more-on-a-digital-marketing-dashboard/,solution/keyword pages,Why Less Is More On A Digital Marketing Dashboard | Oviond,Why Less Is More On A Digital Marketing Dashboard,"Reading through long-winded dashboards is not something anybody looks forward to, least of whom your clients. That is why we want to show you the importance of less is more in a dashboard in this blog.",97727
https://www.oviond.com/what-should-a-digital-marketing-report-contain/,blog/other,What Should A Digital Marketing Report Contain | Oviond,What Should A Digital Marketing Report Contain,"When it comes to the actual creation of your digital marketing report, there are a handful of mandatory categories that every single report should contain to help impress and guide your clients. Including a table of content will allow anyone without marketing experience to scan the report for what they do/don’t want to see. Although you might be passionate about these reports, you have to keep in mind that the client’s impression is what really matters. Here are the top 10 things that should be included in every digital marketing report: ‍",100842
https://www.oviond.com/what-is-marketing-reporting-and-why-is-it-important/,blog/other,What Is Marketing Reporting And Why Is It Important? | Oviond,What Is Marketing Reporting And Why Is It Important?,"When it comes to preparing the perfect digital marketing report, you first need a basic understanding of what a report actually is, and why it is so important.",96638
https://www.oviond.com/what-is-a-ppc-report/,blog/other,What Is A PPC Report? | Oviond,What Is A PPC Report?,Is this your first time doing PPC? A PPC report will help you understand how your PPC campaigns are performing. Here's what PPC reporting is and which metrics you should include.,97239
https://www.oviond.com/what-is-a-digital-marketing-report/,blog/other,What Is A Digital Marketing Report? | Oviond,What Is A Digital Marketing Report?,Digital Marketing Reports have become a staple for any digital marketer to monitor online performance and share important performance data with their clients. Take a look at this blog to find out the importance of reports!,97625
https://www.oviond.com/what-is-a-digital-marketing-dashboard/,solution/keyword pages,What Is A Digital Marketing Dashboard? | Oviond,What Is A Digital Marketing Dashboard?,"Digital marketing dashboards have become one of the buzz phrases going around in the industry for the past couple of years. In this blog we cover what a digital marketing dashboard is, why you need one, the elements Oviond offers, and also the structure digital marketing dashboards should follow.",96855
https://www.oviond.com/vimeo-vs-youtube-which-should-you-be-using/,alternatives/comparisons,Vimeo Vs. YouTube: Which Should You Be Using | Oviond,Vimeo Vs YouTube Which Should You Be Using?,The Vimeo vs YouTube debate is an important one as each of these social video streaming sites have different focuses and provide different opportunities for digital marketers to reach an audience. Evaluating which platform you should choose is important when evaluating who you are trying to reach.,99602
https://www.oviond.com/understanding-the-facebook-pixel/,blog/other,Understanding The Facebook Pixel | Oviond,Understanding the Facebook Pixel,"A Facebook Pixel has become an imperative part of Digital Marketing. There are many different reasons why agencies use Facebook Pixel so, in this blog, I am going to cover all of these reasons and also talk about the benefits of using a Facebook Pixel.",97303
https://www.oviond.com/the-purpose-of-dashboards-in-the-digital-marketing-industry/,solution/keyword pages,The Purpose Of Dashboards In The Digital Marketing Industry | Oviond,The Purpose Of Dashboards In The Digital Marketing Industry,Digital Marketing Dashboards are essential in the marketing industry. They help agencies build relationships with their clients and provide them with information to help them make important decisions about their clients digital marketing campaigns.,98531
https://www.oviond.com/the-power-of-a-good-digital-marketing-report/,blog/other,The Power Of A Good Digital Marketing Report | Oviond,The Power Of A Good Digital Marketing Report,A great digital marketing report is imperative when building good relationships with your clients. It's important to keep open communication with your clients and to present them with honest and transparent reports.,96909
https://www.oviond.com/introducing-google-ads-to-oviond/,blog/other,Introducing Google Ads To Oviond | Oviond,Introducing Google Ads to Oviond,"Google Ads are an effective way of driving traffic to a website as they target people searching for your products and services. With its many ad types offered, Google Ads has become one of the most crucial tools in digital marketing.",96758
https://www.oviond.com/introducing-facebook-to-oviond/,blog/other,Introducing Facebook To Oviond | Oviond,Introducing Facebook to Oviond,"Facebook Pages provide insights, which are useful for agencies and brands who are looking to understand how their audience is interacting with their content. Learn more about how to use Facebook on Oviond.",96122
https://www.oviond.com/introducing-facebook-ads-to-oviond/,blog/other,Introducing Facebook Ads To Oviond | Oviond,Introducing Facebook Ads to Oviond,Facebook Ads expands on Facebook's social media platform by allowing users to make use of boosting in order to create ads that can expand on reach and engagement from users in the form of paid ads. Take a look to see how Facebook Ads works on Oviond.,97298
https://www.oviond.com/the-key-components-of-a-digital-marketing-report/,blog/other,The Key Components Of A Digital Marketing Report | Oviond,The Key Components Of A Digital Marketing Report,Creating a digital marketing report can be an overwhelming task for new and experienced digital marketers. Take a look at our blog to see how you should structure your digital marketing reports.,98526
https://www.oviond.com/the-importance-of-keywords-in-a-ppc-campaign/,blog/other,The Importance Of Keywords In A PPC Campaign | Oviond,The Importance Of Keywords In A PPC Campaign,"Keywords in a PPC campaign are the cornerstone of directing the right customers to your website. Take a look at this blog to explore the importance of keywords in PPC ads, and how they create a more discoverable website.",98704
https://www.oviond.com/the-best-seo-tools-in-2020/,blog/other,The Best SEO Tools In 2020 | Oviond,The Best SEO Tools In 2020,Effectively monitor and implement your SEO strategy with what we believe to be the top ten SEO tools in the market.,97116
https://www.oviond.com/swydo-and-oviond-stacking-up-the-software/,alternatives/comparisons,Swydo And Oviond: Stacking Up The Software | Oviond,Swydo And Oviond: Stacking Up The Software,"Reporting is a crucial consideration for the modern marketer. When it comes to the digital space, data is available in abundance, and access to such rich data is driving efficiency, effectiveness, and excellence like never before",93497
https://www.oviond.com/social-media-dashboards-the-10-most-relevant-metrics-and-how-to-analyse-them/,solution/keyword pages,Social Media Dashboards: The 10 Most Relevant Metrics And How To Analyse Them | Oviond,Social Media Dashboards: The 10 Most Relevant Metrics And How To Analyse Them,"Social media has become an extremely powerful tool for modern marketers, unlocking a new level of communion from B2C. The benefits of these platforms are undeniable but it is crucial to know how to utilize them effectively.",98612
https://www.oviond.com/seo-vs-sem/,alternatives/comparisons,SEO Vs. SEM | Oviond,SEO vs. SEM,SEO and SEM are often terms that are used together to describe the set of actions a business takes to optimize website performance on search engines. Understanding the differences between these two terms will help you to maximize your marketing results.,96400
https://www.oviond.com/seo-trends-in-2020/,blog/other,The Best SEO Tools In 2020 | Oviond,SEO Trends In 2020,Effectively monitor and implement your SEO strategy with what we believe to be the top ten SEO tools in the market.,99738
https://www.oviond.com/seo-split-testing-is-it-important/,blog/other,SEO Split Testing: Is It Important? | Oviond,SEO Split Testing: Is It Important?,"SEO can be an incredibly scary term in digital marketing, but by breaking it up into small bite-size chunks and testing to see what works for you and what doesn't, means that you are giving yourself the best chance of success! This is why SEO Split Testing is so important.",98277
https://www.oviond.com/seo-certifications-and-courses-for-2022/,blog/other,SEO Certification And Courses For 2022 | Oviond,SEO Certifications And Courses For 2022,"SEO is not necessarily an easy concept to understand as search engines are constantly updating their ranking factors. With this in mind, it’s important to stay up to date with your SEO skills, and what better way to do this than by taking an SEO course. Here are 4 free SEO courses to look into.",99872
https://www.oviond.com/reportgarden-and-oviond-stacking-up-the-software/,alternatives/comparisons,ReportGarden And Oviond: Stacking Up The Software | Oviond,ReportGarden And Oviond: Stacking Up The Software,"The contemporary marketing agency has a wealth of data at its disposal. When it comes to reporting and presenting this data to the client, there are numerous other considerations and value-adds that extend further.",94517
https://www.oviond.com/ppc-reporting-trends-for-2022/,blog/other,PPC Reporting Trends For 2022 | Oviond,PPC Reporting Trends For 2022,Providing clients with a clear and easy-to-read PPC report has become an essential task for all digital marketing agencies. Knowing how to consolidate a report like this is important.,96743
https://www.oviond.com/onboarding-a-new-client-to-your-marketing-agency/,blog/other,Onboarding A New Client To Your Marketing Agency | Oviond,Onboarding A New Client To Your Marketing Agency,"Client onboarding helps agencies build successful client relationships, helping you leave a lasting impression. So, what exactly is client onboarding?",100648
https://www.oviond.com/mistakes-to-avoid-in-digital-marketing-client-reporting/,solution/keyword pages,Mistakes To Avoid In Digital Marketing Client Reporting | Oviond,Mistakes To Avoid In Digital Marketing Client Reporting,Client reporting is the most important part of an effective digital marketing strategy. Being able to provide your clients with a digital marketing report each month is important but it is even more important that you are avoiding these very common mistakes that are made in client reporting all the time!,99060
https://www.oviond.com/megalytic-and-oviond-stacking-up-the-software/,alternatives/comparisons,Megalytic And Oviond: Stacking Up The Software | Oviond,Megalytic And Oviond: Stacking Up The Software,"When it comes to one’s dashboarding and reporting capabilities, Megalytics reporting software ticks the boxes and meets the standards of most marketing professionals.",93337
https://www.oviond.com/marketing-goals-vs-marketing-strategy/,alternatives/comparisons,Marketing Goals Vs. Marketing Strategy | Oviond,Marketing Goals Vs. Marketing Strategy,"There are many critical differences in marketing goals and marketing strategies, and it's vital to assess them and see not just the way in which they differ, but also how they complement one another.",95526
https://www.oviond.com/manual-reporting-vs-automated-digital-marketing-reporting/,alternatives/comparisons,Manual Reporting Vs. Automated Digital Marketing Reporting | Oviond,Manual Reporting Vs. Automated Digital Marketing Reporting,"Digital marketing reports can either be created manually, through the use of Excel or screenshots, or it can be automated by using a digital marketing reporting software. Analyzing the pros and cons of automated reporting and manual reporting is the best way to know what option is best suited for your team!",100143
https://www.oviond.com/inbound-marketing-vs-digital-marketing/,alternatives/comparisons,Inbound Marketing Vs. Digital Marketing | Oviond,Inbound Marketing Vs. Digital Marketing,"Many assume that inbound marketing and digital marketing can be used interchangeably, however they are both two very distinct methods. Let us break this down for you.",95562
https://www.oviond.com/important-seo-metrics-to-keep-track-of/,blog/other,Important SEO Metrics To Keep Track Of | Oviond,Important SEO Metrics To Keep Track Of,"While SEO has become one of the must-do’s for all digital marketers and brands in the 21st century, how to effectively monitor and report on SEO performance is not as clear cut. Take a look at which SEO metrics you should be keeping track of in this blog!",103335
https://www.oviond.com/how-to-white-label-your-digital-marketing-reports-and-dashboards/,solution/keyword pages,How To White Label Your Digital Marketing Reports And Dashboards | Oviond,How To White Label Your Digital Marketing Reports And Dashboards,"White labeling your digital marketing reports and dashboards is an important part of your branding efforts. Choosing a solution that has white-label capabilities, has become an increasingly important part of an agency’s purchasing decision.",101284
https://www.oviond.com/how-to-price-your-agencys-service-chapter-2/,blog/other,How To Price Your Agency's Service: Chapter 2 | Oviond,How To Price Your Agency’s Service: Chapter 2,The pricing model used for your agency's services can either make or break your success. In chapter 2 we will be going over a few other pricing models as well as the different payment options available when charging your clients.,98756
https://www.oviond.com/how-to-price-your-agencys-service-chapter-1/,blog/other,How To Price Your Agency's Service: Chapter 1 | Oviond,How To Price Your Agency’s Service: Chapter 1,Implementing the right pricing model in your digital marketing agency would mean the difference between achieving sustainable growth or barely being able to keep your head above the water! Let’s take a look at the six most popular pricing models.,97953
https://www.oviond.com/how-to-pick-a-niche-for-your-marketing-agency/,blog/other,How To Pick A Niche For Your Marketing Agency | Oviond,How To Pick A Niche For Your Marketing Agency,"The growing number of digital marketing agencies worldwide has created fierce competition, with agencies often battling for the same market. Take a look at this blog to see why selecting a niche for your agency is so important.",98259
https://www.oviond.com/how-to-grow-and-scale-your-digital-marketing-agency-to-the-next-level/,blog/other,How To Grow & Scale Your Digital Marketing Agency To The Next Level | Oviond,How To Grow & Scale Your Digital Marketing Agency To The Next Level,It should come as no surprise to you that growing and scaling your digital marketing agency is imperative if you want to keep up with the trends. With about 62% of the world using the internet it’s important for agencies to stay up to date and lookout for signs of when it may be time to scale!,100675
https://www.oviond.com/how-to-effectively-use-seo-in-video/,blog/other,How To Effectively Use SEO In Video | Oviond,How To Effectively Use SEO In Video,Video is becoming one of the most popular forms of content on the web and attaching the correct SEO to videos is now more important than ever. Take a look at this blog to find out more about video SEO.,98797
https://www.oviond.com/kpis-vs-metrics-what-to-include-in-your-report/,alternatives/comparisons,KPIs Vs Metrics: What To Include In Your Report | Oviond,KPIs Vs Metrics: What To Include In Your Report,"Digital marketing is filled with complicated jargon that confuses most new digital marketers, and sometimes even seasoned agencies. Find out what the difference between metrics and KPIs are in this blog.",95854
https://www.oviond.com/how-to-add-insights-and-media-to-complement-your-digital-marketing-report-data/,blog/other,How To Add Insights And Media To Complement Your Digital Marketing Report Data | Oviond,How To Add Insights And Media To Complement Your Digital Marketing Report Data,"The process of presenting a marketing report has changed quite a bit in the last few years. We used to sit in a boardroom to present digital marketing reports to our clients, but now the trend is to send online reports without a word more. Find out what we're missing in 2021 reporting in this blog.",98642
https://www.oviond.com/how-much-should-you-charge-for-ppc-management/,blog/other,How Much Should You Charge For PPC Management | Oviond,How Much Should You Charge For PPC Management,Knowing how to charge your clients and how much to charge for PPC management is a mystery to both veterans and newbies offering PPC services to clients. This blog is going to elaborate on some of the most popular payment agreements for PPC management so you can decide what is best for your agency!,100251
https://www.oviond.com/google-data-studio-and-oviond-stacking-up-the-software/,alternatives/comparisons,Google Data Studio And Oviond: Stacking Up The Software | Oviond,Google Data Studio And Oviond: Stacking Up The Software,"Google is arguably the world leader when it comes to online data collection, collation, and reporting. Google Data Studio is yet another powerful weapon in this big data behemoth’s arsenal.",93858
https://www.oviond.com/google-ads-vs-facebook-ads/,alternatives/comparisons,Google Ads Vs. Facebook Ads | Oviond,Google Ads Vs. Facebook Ads,"Google Ads and Facebook Ads are often seen as competitors because they are both paid marketing channels, but this is not the case. The two platforms both have a similar purpose in the digital marketing space but each has its own way of achieving its purpose.",99418
https://www.oviond.com/digital-marketing-report-types-and-categories/,blog/other,Digital Marketing Report Types And Categories | Oviond,Digital Marketing Report Types And Categories,Digital marketing reports can take on various shapes and sizes in order to meet the specific reporting needs of a client. Take a look at the options available on Oviond in this blog.,99709
https://www.oviond.com/improving-seo-with-reviews-and-a-beginners-strategy-to-getting-more-reviews/,blog/other,Improving SEO With Reviews & A Beginners Strategy To Getting More Reviews | Oviond,Improving SEO With Reviews & A Beginners Strategy To Getting More Reviews,Developing a strategy and knowing how to leverage online reviews can be a key factor in helping your business increase its ranking on the search engine result page (SERP) as well as increase your website's organic traffic.,98885
https://www.oviond.com/growing-your-digital-marketing-agency/,blog/other,Growing Your Digital Marketing Agency | Oviond,Growing Your Digital Marketing Agency,Want to know how to grow your digital marketing agency? We have all the tips and tricks that can help you identify where the problem areas are and grow fast. Take a look at this blog to find out more.,101499
https://www.oviond.com/is-seo-a-good-investment-for-your-business/,blog/other,Is SEO A Good Investment For Your Business? | Oviond,Is SEO A Good Investment For Your Business?,Many companies often spend a lot of time deciding whether they should invest in SEO or PPC. Each channel has its pros and cons so it is important to fully understand what each could offer you in order to make this decision.,99873
https://www.oviond.com/ecommerce-website-vs-marketplace/,alternatives/comparisons,E-Commerce Website Vs. Marketplace | Oviond,E-Commerce Website Vs. Marketplace,Debating between E-commerce website vs Marketplace is something all digital marketers with an online store should look at to have a full understanding of which platform is best for their store's needs. Choosing between E-commerce or marketplace can be tricky but that is why we are here to help!,96113
https://www.oviond.com/digital-marketing-vs-traditional-marketing-why-not-both/,alternatives/comparisons,Digital Marketing Vs Traditional Marketing: Why Not Both | Oviond,Digital Marketing Vs Traditional Marketing: Why Not Both,"Traditional marketing has laid the path for digital marketing to generate success for its users, but using a combination of both digital and traditional marketing, marketers have the opportunity to take their brands to new heights!",103660
https://www.oviond.com/digital-marketing-reporting-best-practices/,blog/other,Digital Marketing Reporting Best Practices | Oviond,Digital Marketing Reporting Best Practices,What does the “perfect” digital marketing report look like? Here are a few best practices to keep in mind when preparing your reports.,94372
https://www.oviond.com/design-elements-for-an-effective-digital-marketing-report/,blog/other,Design Elements For An Effective Digital Marketing Report | Oviond,Design Elements For An Effective Digital Marketing Report,"Got the digital marketing reporting blues? Take a look at this blog to find out how you can make your reports more exciting, informative, and engaging to your clients by including key design elements to implement in your next report.",99529
https://www.oviond.com/data-visualisations-in-reports-and-dashboards-concepts-and-best-practices/,solution/keyword pages,Data Visualisations In Reports And Dashboards: Concepts And Best Practices | Oviond,Data Visualisations In Reports And Dashboards: Concepts And Best Practices,"When presenting your digital marketing results to clients and shareholders, data visualizations are a great way to structure your reports to aid in understanding your audience, visualize trends and effectively communicate results.",98871
https://www.oviond.com/dashthis-and-oviond-stacking-up-the-software/,alternatives/comparisons,Dashthis And Oviond: Stacking Up The Software | Oviond,Dashthis And Oviond: Stacking Up The Software,"DashThis Software is one of the more aesthetically pleasing reporting tools on the market, offering a simple, engaging platform for presenting reports and creating beautiful dashboards.",93643
https://www.oviond.com/building-a-successful-remote-digital-marketing-agency/,blog/other,Building A Successful Remote Digital Marketing Agency | Oviond,Building A Successful Remote Digital Marketing Agency,"Whether you are an existing agency looking to go remote or are looking at the option to build a remote digital marketing agency, this blog covers the benefits and drawbacks of remote working as well as some great tools to try out!",99885
https://www.oviond.com/bing-vs-google-search-engine-comparison/,alternatives/comparisons,Bing Vs. Google: Search Engine Comparison | Oviond,Bing Vs. Google: Search Engine Comparison,If you are a marketer that works with paid advertising understanding the differences between Bing and Google can help you maximize your campaigns to increase your visibility and help reach new demographics.,96226
https://www.oviond.com/agencyanalytics-and-oviond-stacking-up-the-software/,alternatives/comparisons,AgencyAnalytics And Oviond: Stacking Up The Software | Oviond,AgencyAnalytics And Oviond: Stacking Up The Software,"Providing insightful, accurate, and aesthetically-pleasing reports can mean the difference between a happy client or lost business. AgencyAnalytics provides the kind of offering that many smaller agencies and individuals need.",94931
https://www.oviond.com/7-powerful-digital-marketing-reporting-platforms-to-bring-your-data-to-life/,blog/other,7 Powerful Digital Marketing Reporting Platforms To Bring Your Data To Life | Oviond,7 Powerful Digital Marketing Reporting Platforms To Bring Your Data To Life,"Marketers rely on data as an essential tool to accurately monitor campaigns. But it is the ability to share the insights from the collated data in a simple, engaging, and concise report that really unlocks value to the client.",100453
https://www.oviond.com/6-tips-to-ensure-your-clients-understand-their-digital-marketing-reports/,blog/other,6 Tips To Ensure Your Clients Understand Their Digital Marketing Reports | Oviond,6 Tips To Ensure Your Clients Understand Their Digital Marketing Reports,"It is important to have an amazing digital marketing report to send to clients, but they are of no use if the data provided in them is not understood by your client. In this blog, we highlight a few tips that will help you create reports so that clients will engage with and understand them.",97456
https://www.oviond.com/10-terrific-tools-to-take-your-seo-to-the-next-level/,blog/other,10 Terrific Tools To Take Your SEO To The Next Level | Oviond,10 Terrific Tools To Take Your SEO To The Next Level,"In the interests of enhancing your SEO capabilities and unlocking your business potential, we’ve listed some of our favorite SEO tools, ranging from keyword research software to handy SEO toolbars and more.",98562
https://www.oviond.com/,home,Simple Marketing Reporting Software For Agencies | Oviond,Simple Marketing Reporting Software for Agencies,"Simplify marketing reporting with software designed for agencies. Automate branded reports from 50+ platforms, save time, and impress clients today!",138636
https://www.oviond.com/marketing-reporting/,blog/other,Marketing Reporting | Oviond,Supercharge Your Agency's Marketing Reporting,Connect over 50 marketing platforms and bring all your clients’ data into one place for seamless analysis and reporting.,183030
https://www.oviond.com/marketing-dashboards/,solution/keyword pages,Marketing Dashboards | Oviond,Marketing Reporting Dashboards,Showcase your agency’s brand by delivering personalized white labeled-dashboards featuring your logo and served from your custom domain.,179462
https://www.oviond.com/data-sources/,integrations/data-sources,Integrate 50+ Marketing Data Sources | Oviond,Integrate 50+ Marketing Data Sources,Bring all your client data together. Save time with seamless integrations across more than 50 marketing platforms.,128470
https://www.oviond.com/data-sources/woocommerce/,integrations/data-sources,WooCommerce Data Source | Oviond,Connect WooCommerce to Oviond,"Combine WooCommerce data with 50+ platforms in Oviond. Simple marketing reporting software for agencies to automate branded reports, save time, and impress clients.",159432
https://www.oviond.com/data-sources/convertkit/,integrations/data-sources,Kit Data Source | Oviond,Connect Kit to Oviond,"Combine Kit data with 50+ platforms in Oviond. Simple marketing reporting software for agencies to automate branded reports, save time, and impress clients.",159106
https://www.oviond.com/data-sources/uptime-robot/,integrations/data-sources,Uptime Robot Data Source | Oviond,Connect Uptime Robot to Oviond,"Combine Uptime Robot data with 50+ platforms in Oviond. Simple marketing reporting software for agencies to automate branded reports, save time, and impress",159124
https://www.oviond.com/data-sources/pipedrive/,integrations/data-sources,Pipedrive Data Source | Oviond,Connect Pipedrive to Oviond,"Combine Pipedrive data with 50+ platforms in Oviond. Simple marketing reporting software for agencies to automate branded reports, save time, and impress",158977
https://www.oviond.com/data-sources/tiktok/,integrations/data-sources,TikTok Data Source | Oviond,Connect TikTok to Oviond,"Combine TikTok data with 50+ platforms in Oviond. Simple marketing reporting software for agencies to automate branded reports, save time, and impress clients.",158786
https://www.oviond.com/data-sources/bing-webmaster-tools/,integrations/data-sources,Bing Webmaster Tools Data Source | Oviond,Connect Bing Webmaster Tools to Oviond,"Combine Bing Webmaster Tools data with 50+ platforms in Oviond. Simple marketing reporting software for agencies to automate branded reports, save time, and",159524
https://www.oviond.com/data-sources/adroll/,integrations/data-sources,AdRoll Data Source | Oviond,Connect AdRoll to Oviond,"Combine AdRoll data with 50+ platforms in Oviond. Simple marketing reporting software for agencies to automate branded reports, save time, and impress clients.",158854
https://www.oviond.com/data-sources/piwik-pro/,integrations/data-sources,Piwik Pro Data Source | Oviond,Connect Piwik Pro to Oviond,"Combine Piwik Pro data with 50+ platforms in Oviond. Simple marketing reporting software for agencies to automate branded reports, save time, and impress",158993
https://www.oviond.com/data-sources/matomo/,integrations/data-sources,Matomo Data Source | Oviond,Connect Matomo to Oviond,"Combine Matomo data with 50+ platforms in Oviond. Simple marketing reporting software for agencies to automate branded reports, save time, and impress clients.",158899
https://www.oviond.com/data-sources/wordpress/,integrations/data-sources,WordPress.com Data Source | Oviond,Connect WordPress.com to Oviond,"Combine WordPress.com data with 50+ platforms in Oviond. Simple marketing reporting software for agencies to automate branded reports, save time, and impress clients.",162440
https://www.oviond.com/data-sources/switchy/,integrations/data-sources,Switchy Data Source | Oviond,Connect Switchy to Oviond,"Combine Switchy data with 50+ platforms in Oviond. Simple marketing reporting software for agencies to automate branded reports, save time, and impress clients.",159126
https://www.oviond.com/data-sources/basecamp/,integrations/data-sources,Basecamp Data Source | Oviond,Connect Basecamp to Oviond,"Combine Basecamp data with 50+ platforms in Oviond. Simple marketing reporting software for agencies to automate branded reports, save time, and impress clients.",159289
https://www.oviond.com/data-sources/xero/,integrations/data-sources,Xero Data Source | Oviond,Connect Xero to Oviond,"Combine Xero data with 50+ platforms in Oviond. Simple marketing reporting software for agencies to automate branded reports, save time, and impress clients.",158997
https://www.oviond.com/data-sources/paypal/,integrations/data-sources,PayPal Data Source | Oviond,Connect PayPal to Oviond,"Combine PayPal data with 50+ platforms in Oviond. Simple marketing reporting software for agencies to automate branded reports, save time, and impress clients.",159088
https://www.oviond.com/data-sources/get-response/,integrations/data-sources,GetResponse Data Source | Oviond,Connect GetResponse to Oviond,"Combine GetResponse data with 50+ platforms in Oviond. Simple marketing reporting software for agencies to automate branded reports, save time, and impress clients.",159384
https://www.oviond.com/data-sources/stripe/,integrations/data-sources,Stripe Data Source | Oviond,Connect Stripe to Oviond,"Combine Stripe data with 50+ platforms in Oviond. Simple marketing reporting software for agencies to automate branded reports, save time, and impress clients.",159099
https://www.oviond.com/data-sources/sendgrid/,integrations/data-sources,Sendgrid Data Source | Oviond,Connect Sendgrid to Oviond,"Combine Sendgrid data with 50+ platforms in Oviond. Simple marketing reporting software for agencies to automate branded reports, save time, and impress clients.",159151
https://www.oviond.com/data-sources/moosend/,integrations/data-sources,Moosend Data Source | Oviond,Connect Moosend to Oviond,"Combine Moosend data with 50+ platforms in Oviond. Simple marketing reporting software for agencies to automate branded reports, save time, and impress clients.",159158
https://www.oviond.com/data-sources/pabbly-connect/,integrations/data-sources,Pabbly Connect Data Source | Oviond,Connect Pabbly Connect to Oviond,"Combine Pabbly Connect data with 50+ platforms in Oviond. Simple marketing reporting software for agencies to automate branded reports, save time, and impress clients.",159492
https://www.oviond.com/data-sources/brevo/,integrations/data-sources,Brevo Data Source | Oviond,Connect Brevo to Oviond,"Combine Brevo data with 50+ platforms in Oviond. Simple marketing reporting software for agencies to automate branded reports, save time, and impress clients.",159071
https://www.oviond.com/data-sources/hubspot/,integrations/data-sources,HubSpot Data Source | Oviond,Connect HubSpot to Oviond,"Combine HubSpot data with 50+ platforms in Oviond. Simple marketing reporting software for agencies to automate branded reports, save time, and impress clients.",159153
https://www.oviond.com/data-sources/klaviyo/,integrations/data-sources,Klaviyo Data Source | Oviond,Connect Klaviyo to Oviond,"Combine Klaviyo data with 50+ platforms in Oviond. Simple marketing reporting software for agencies to automate branded reports, save time, and impress clients.",159466
https://www.oviond.com/data-sources/mailerlite/,integrations/data-sources,MailerLite Data Source | Oviond,Connect MailerLite to Oviond,"Combine MailerLite data with 50+ platforms in Oviond. Simple marketing reporting software for agencies to automate branded reports, save time, and impress clients.",159368
https://www.oviond.com/data-sources/drip/,integrations/data-sources,Drip Data Source | Oviond,Connect Drip to Oviond,"Combine Drip data with 50+ platforms in Oviond. Simple marketing reporting software for agencies to automate branded reports, save time, and impress clients.",159013
https://www.oviond.com/data-sources/mailchimp/,integrations/data-sources,Mailchimp Data Source | Oviond,Connect Mailchimp to Oviond,"Combine Mailchimp data with 50+ platforms in Oviond. Simple marketing reporting software for agencies to automate branded reports, save time, and impress clients.",159276
https://www.oviond.com/data-sources/campaign-monitor/,integrations/data-sources,Campaign Monitor Data Source | Oviond,Connect Campaign Monitor to Oviond,"Combine Campaign Monitor data with 50+ platforms in Oviond. Simple marketing reporting software for agencies to automate branded reports, save time, and impress clients.",160966
https://www.oviond.com/data-sources/twilio/,integrations/data-sources,Twilio Data Source | Oviond,Connect Twilio to Oviond,"Combine Twilio data with 50+ platforms in Oviond. Simple marketing reporting software for agencies to automate branded reports, save time, and impress clients.",159112
https://www.oviond.com/data-sources/active-campaign/,integrations/data-sources,ActiveCampaign Data Source | Oviond,Connect ActiveCampaign to Oviond,"Combine ActiveCampaign data with 50+ platforms in Oviond. Simple marketing reporting software for agencies to automate branded reports, save time, and impress clients.",159519
https://www.oviond.com/data-sources/callrail/,integrations/data-sources,CallRail Data Source | Oviond,Connect CallRail to Oviond,"Combine CallRail data with 50+ platforms in Oviond. Simple marketing reporting software for agencies to automate branded reports, save time, and impress clients.",159241
https://www.oviond.com/data-sources/what-converts/,integrations/data-sources,WhatConverts Data Source | Oviond,Connect WhatConverts to Oviond,"Combine WhatConverts data with 50+ platforms in Oviond. Simple marketing reporting software for agencies to automate branded reports, save time, and impress clients.",159431
https://www.oviond.com/data-sources/high-level/,integrations/data-sources,High Level Data Source | Oviond,Connect High Level to Oviond,"Combine High Level data with 50+ platforms in Oviond. Simple marketing reporting software for agencies to automate branded reports, save time, and impress clients.",159283
https://www.oviond.com/data-sources/salesforce/,integrations/data-sources,Salesforce Data Source | Oviond,Connect Salesforce to Oviond,"Combine Salesforce data with 50+ platforms in Oviond. Simple marketing reporting software for agencies to automate branded reports, save time, and impress clients.",159289
https://www.oviond.com/data-sources/wistia/,integrations/data-sources,Wistia Data Source | Oviond,Connect Wistia to Oviond,"Combine Wistia data with 50+ platforms in Oviond. Simple marketing reporting software for agencies to automate branded reports, save time, and impress clients.",159095
https://www.oviond.com/data-sources/google-sheets/,integrations/data-sources,Google Sheets Data Source | Oviond,Connect Google Sheets to Oviond,"Combine Google Sheets data with 50+ platforms in Oviond. Simple marketing reporting software for agencies to automate branded reports, save time, and impress clients.",159343
https://www.oviond.com/data-sources/vimeo/,integrations/data-sources,Vimeo Data Source | Oviond,Connect Vimeo to Oviond,"Combine Vimeo data with 50+ platforms in Oviond. Simple marketing reporting software for agencies to automate branded reports, save time, and impress clients.",159047
https://www.oviond.com/data-sources/shopify/,integrations/data-sources,Shopify Data Source | Oviond,Connect Shopify to Oviond,"Combine Shopify data with 50+ platforms in Oviond. Simple marketing reporting software for agencies to automate branded reports, save time, and impress clients.",158687
https://www.oviond.com/data-sources/pingdom/,integrations/data-sources,Pingdom Data Source | Oviond,Connect Pingdom to Oviond,"Combine Pingdom data with 50+ platforms in Oviond. Simple marketing reporting software for agencies to automate branded reports, save time, and impress clients.",159153
https://www.oviond.com/data-sources/google-page-speed-insights/,integrations/data-sources,Google PageSpeed Insights Data Source | Oviond,Connect Google PageSpeed Insights to Oviond,"Combine Google PageSpeed Insights data with 50+ platforms in Oviond. Simple marketing reporting software for agencies to automate branded reports, save time, and impress clients.",160002
https://www.oviond.com/data-sources/mention/,integrations/data-sources,Mention Data Source | Oviond,Connect Mention to Oviond,"Combine Mention data with 50+ platforms in Oviond. Simple marketing reporting software for agencies to automate branded reports, save time, and impress clients.",159141
https://www.oviond.com/data-sources/serpstat/,integrations/data-sources,Serpstat Data Source | Oviond,Connect Serpstat to Oviond,"Combine Serpstat data with 50+ platforms in Oviond. Simple marketing reporting software for agencies to automate branded reports, save time, and impress clients.",159200
https://www.oviond.com/data-sources/keyword-com/,integrations/data-sources,Keyword.com Data Source | Oviond,Connect Keyword.com to Oviond,"Combine Keyword.com data with 50+ platforms in Oviond. Simple marketing reporting software for agencies to automate branded reports, save time, and impress clients.",159342
https://www.oviond.com/data-sources/semrush/,integrations/data-sources,Semrush Data Source | Oviond,Connect Semrush to Oviond,"Combine Semrush data with 50+ platforms in Oviond. Simple marketing reporting software for agencies to automate branded reports, save time, and impress clients.",159391
https://www.oviond.com/data-sources/se-ranking/,integrations/data-sources,SE Ranking Data Source | Oviond,Connect SE Ranking to Oviond,"Combine SE Ranking data with 50+ platforms in Oviond. Simple marketing reporting software for agencies to automate branded reports, save time, and impress clients.",159288
https://www.oviond.com/data-sources/ahrefs/,integrations/data-sources,Ahrefs Data Source | Oviond,Connect Ahrefs to Oviond,"Combine Ahrefs data with 50+ platforms in Oviond. Simple marketing reporting software for agencies to automate branded reports, save time, and impress clients.",162239
https://www.oviond.com/data-sources/google-search-console/,integrations/data-sources,Google Search Console Data Source | Oviond,Connect Google Search Console to Oviond,"Combine Google Search Console data with 50+ platforms in Oviond. Simple marketing reporting software for agencies to automate branded reports, save time, and impress clients.",159890
https://www.oviond.com/data-sources/pinterest/,integrations/data-sources,Pinterest Data Source | Oviond,Connect Pinterest to Oviond,"Combine Pinterest data with 50+ platforms in Oviond. Simple marketing reporting software for agencies to automate branded reports, save time, and impress clients.",159241
https://www.oviond.com/data-sources/google-business-profile/,integrations/data-sources,Google Business Profile Data Source | Oviond,Connect Google Business Profile to Oviond,"Combine Google Business Profile data with 50+ platforms in Oviond. Simple marketing reporting software for agencies to automate branded reports, save time, and impress clients.",159963
https://www.oviond.com/data-sources/instagram/,integrations/data-sources,Instagram Data Source | Oviond,Connect Instagram to Oviond,"Combine Instagram data with 50+ platforms in Oviond. Simple marketing reporting software for agencies to automate branded reports, save time, and impress clients.",159194
https://www.oviond.com/data-sources/twitter/,integrations/data-sources,X (Twitter) Data Source | Oviond,Connect X (Twitter) to Oviond,"Combine X (Twitter) data with 50+ platforms in Oviond. Simple marketing reporting software for agencies to automate branded reports, save time, and impress clients.",159453
https://www.oviond.com/data-sources/linked-in/,integrations/data-sources,LinkedIn Data Source | Oviond,Connect LinkedIn to Oviond,"Combine LinkedIn data with 50+ platforms in Oviond. Simple marketing reporting software for agencies to automate branded reports, save time, and impress clients.",159131
https://www.oviond.com/data-sources/youtube/,integrations/data-sources,YouTube Data Source | Oviond,Connect YouTube to Oviond,"Combine YouTube data with 50+ platforms in Oviond. Simple marketing reporting software for agencies to automate branded reports, save time, and impress clients.",159012
https://www.oviond.com/data-sources/facebook/,integrations/data-sources,Facebook Data Source | Oviond,Connect Facebook to Oviond,"Combine Facebook data with 50+ platforms in Oviond. Simple marketing reporting software for agencies to automate branded reports, save time, and impress clients.",159361
https://www.oviond.com/data-sources/pinterest-ads/,integrations/data-sources,Pinterest Ads Data Source | Oviond,Connect Pinterest Ads to Oviond,"Combine Pinterest Ads data with 50+ platforms in Oviond. Simple marketing reporting software for agencies to automate branded reports, save time, and impress clients.",159398
https://www.oviond.com/data-sources/instagram-ads/,integrations/data-sources,Instagram Ads Data Source | Oviond,Connect Instagram Ads to Oviond,"Combine Instagram Ads data with 50+ platforms in Oviond. Simple marketing reporting software for agencies to automate branded reports, save time, and impress clients.",159299
https://www.oviond.com/data-sources/microsoft-ads/,integrations/data-sources,Microsoft Ads Data Source | Oviond,Connect Microsoft Ads to Oviond,"Combine Microsoft Ads data with 50+ platforms in Oviond. Simple marketing reporting software for agencies to automate branded reports, save time, and impress clients.",161790
https://www.oviond.com/data-sources/linked-in-ads/,integrations/data-sources,LinkedIn Ads Data Source | Oviond,Connect LinkedIn Ads to Oviond,"Combine LinkedIn Ads data with 50+ platforms in Oviond. Simple marketing reporting software for agencies to automate branded reports, save time, and impress clients.",159336
https://www.oviond.com/data-sources/tiktok-ads/,integrations/data-sources,TikTok Ads Data Source | Oviond,Connect TikTok Ads to Oviond,"Combine TikTok Ads data with 50+ platforms in Oviond. Simple marketing reporting software for agencies to automate branded reports, save time, and impress clients.",159305
https://www.oviond.com/data-sources/google-local-service-ads/,integrations/data-sources,Google Local Service Ads Data Source | Oviond,Connect Google Local Service Ads to Oviond,"Combine Google Local Service Ads data with 50+ platforms in Oviond. Simple marketing reporting software for agencies to automate branded reports, save time, and impress clients.",159837
https://www.oviond.com/data-sources/twitter-ads/,integrations/data-sources,X Ads (Twitter Ads) Data Source | Oviond,Connect X Ads (Twitter Ads) to Oviond,"Combine X Ads (Twitter Ads) data with 50+ platforms in Oviond. Simple marketing reporting software for agencies to automate branded reports, save time, and impress clients.",159584
https://www.oviond.com/data-sources/google-ads/,integrations/data-sources,Google Ads Data Source | Oviond,Connect Google Ads to Oviond,"Combine Google Ads data with 50+ platforms in Oviond. Simple marketing reporting software for agencies to automate branded reports, save time, and impress clients.",159243
https://www.oviond.com/data-sources/facebook-ads/,integrations/data-sources,Facebook Ads Data Source | Oviond,Connect Facebook Ads to Oviond,"Combine Facebook Ads data with 50+ platforms in Oviond. Simple marketing reporting software for agencies to automate branded reports, save time, and impress clients.",159341
https://www.oviond.com/data-sources/google-analytics-4/,integrations/data-sources,Google Analytics 4 Data Source | Oviond,Connect Google Analytics 4 to Oviond,"Combine Google Analytics 4 data with 50+ platforms in Oviond. Simple marketing reporting software for agencies to automate branded reports, save time, and impress clients.",159916
https://www.oviond.com/reporting-templates/,templates,Marketing Reporting Templates For Agencies - Oviond,Start with Ready-Made Templates,"Discover 100+ marketing reporting templates for agencies. Start fast with custom-branded, automated reports for Facebook Ads, Google Analytics, and more.",111399
https://www.oviond.com/reporting-templates/instagram/,templates,Instagram Reporting Template | Oviond,Instagram Reporting Template,"For marketing agencies. Automate branded Instagram reports to track growth, engagement, and reach with a simple reporting template shared from your domain.",164959
https://www.oviond.com/reporting-templates/e-commerce/,templates,E-commerce Reporting Template | Oviond,E-commerce Reporting Template,Get started quickly with this E-commerce marketing reporting template. Automatically send custom branded E-commerce reports from your agency.,165272
https://www.oviond.com/reporting-templates/digital-marketing-dashboard/,templates,Digital Marketing Dashboard Reporting Template | Oviond,Digital Marketing Dashboard Reporting Template,Get started quickly with this Digital Marketing Dashboard marketing reporting template. Automatically send custom branded Digital Marketing Dashboard reports,165990
https://www.oviond.com/reporting-templates/ppc-dashboard/,templates,PPC Dashboard Reporting Template | Oviond,PPC Dashboard Reporting Template,Get started quickly with this PPC Dashboard marketing reporting template. Automatically send custom branded PPC Dashboard reports from your agency.,165319
https://www.oviond.com/reporting-templates/brevo/,templates,Brevo Reporting Template | Oviond,Brevo Reporting Template,Get started quickly with this Brevo marketing reporting template. Automatically send custom branded Brevo reports from your agency.,165060
https://www.oviond.com/reporting-templates/instagram-ads/,templates,Instagram Ads Reporting Template | Oviond,Instagram Ads Reporting Template,Get started quickly with this Instagram Ads marketing reporting template. Automatically send custom branded Instagram Ads reports from your agency.,165484
https://www.oviond.com/reporting-templates/vimeo/,templates,Vimeo Reporting Template | Oviond,Vimeo Reporting Template,Get started quickly with this Vimeo marketing reporting template. Automatically send custom branded Vimeo reports from your agency.,165107
https://www.oviond.com/reporting-templates/social-media-ads/,templates,Social Media Ads Reporting Template | Oviond,Social Media Ads Reporting Template,Get started quickly with this Social Media Ads marketing reporting template. Automatically send custom branded Social Media Ads reports from your agency.,165491
https://www.oviond.com/reporting-templates/website-performance/,templates,Website Performance Reporting Template | Oviond,Website Performance Reporting Template,Get started quickly with this Website Performance marketing reporting template. Automatically send custom branded Website Performance reports from your agency.,165991
https://www.oviond.com/reporting-templates/tiktok-ads/,templates,TikTok Ads Reporting Template | Oviond,TikTok Ads Reporting Template,Get started quickly with this TikTok Ads marketing reporting template. Automatically send custom branded TikTok Ads reports from your agency.,165159
https://www.oviond.com/reporting-templates/microsoft-ads/,templates,Microsoft Ads Reporting Template | Oviond,Microsoft Ads Reporting Template,Get started quickly with this Microsoft Ads marketing reporting template. Automatically send custom branded Microsoft Ads reports from your agency.,165636
https://www.oviond.com/reporting-templates/activecampaign/,templates,ActiveCampaign Reporting Template | Oviond,ActiveCampaign Reporting Template,Get started quickly with this ActiveCampaign marketing reporting template. Automatically send custom branded ActiveCampaign reports from your agency.,165628
https://www.oviond.com/reporting-templates/mailchimp/,templates,Mailchimp Reporting Template | Oviond,Mailchimp Reporting Template,Get started quickly with this Mailchimp marketing reporting template. Automatically send custom branded Mailchimp reports from your agency.,165288
https://www.oviond.com/reporting-templates/mailerlite/,templates,MailerLite Reporting Template | Oviond,MailerLite Reporting Template,Get started quickly with this MailerLite marketing reporting template. Automatically send custom branded MailerLite reports from your agency.,165324
https://www.oviond.com/reporting-templates/moosend/,templates,Moosend Reporting Template | Oviond,Moosend Reporting Template,Get started quickly with this Moosend marketing reporting template. Automatically send custom branded Moosend reports from your agency.,165226
https://www.oviond.com/reporting-templates/paypal/,templates,Paypal Reporting Template | Oviond,Paypal Reporting Template,Get started quickly with this Paypal marketing reporting template. Automatically send custom branded Paypal reports from your agency.,165074
https://www.oviond.com/reporting-templates/social-media-marketing/,templates,Social Media Marketing Reporting Template | Oviond,Social Media Marketing Reporting Template,Get started quickly with this Social Media Marketing marketing reporting template. Automatically send custom branded Social Media Marketing reports from your,165922
https://www.oviond.com/reporting-templates/sendgrid/,templates,Sendgrid Reporting Template | Oviond,Sendgrid Reporting Template,Get started quickly with this Sendgrid marketing reporting template. Automatically send custom branded Sendgrid reports from your agency.,165300
https://www.oviond.com/reporting-templates/stripe/,templates,Stripe Reporting Template | Oviond,Stripe Reporting Template,Get started quickly with this Stripe marketing reporting template. Automatically send custom branded Stripe reports from your agency.,165183
https://www.oviond.com/reporting-templates/wordpress/,templates,Wordpress Reporting Template | Oviond,WordPress Reporting Template,Get started quickly with this Wordpress marketing reporting template. Automatically send custom branded Wordpress reports from your agency.,165209
https://www.oviond.com/reporting-templates/se-ranking/,templates,SE Ranking Marketing Reporting Template - Oviond,SE Ranking Reporting Template,Analyze SEO performance with an SE Ranking marketing reporting template for agencies. Automate custom-branded reports and share seamlessly from your domain.,165217
https://www.oviond.com/reporting-templates/wistia/,templates,Wistia Marketing Reporting Template - Oviond,Wistia Reporting Template,Create custom video performance reports with a Wistia marketing reporting template. Perfect for agencies to automate branded insights and share easily.,165120
https://www.oviond.com/reporting-templates/google-sheets/,templates,Google Sheets Marketing Reporting Template - Oviond,Google Sheets Reporting Template,"Start fast with a Google Sheets marketing reporting template for agencies. Automate branded reports, share from your domain, and streamline workflows.",163328
https://www.oviond.com/reporting-templates/youtube/,templates,YouTube Reporting Template - Oviond,YouTube Reporting Template,"For marketing agencies. Start fast with a YouTube reporting template to automate branded reports tracking video views, audience growth, and performance.",165320
https://www.oviond.com/reporting-templates/x-formally-twitter-ads/,templates,X (Twitter) Ads Reporting Template | Oviond,X (Twitter) Ads Reporting Template,"For marketing agencies. Automate branded X Ads reports with a reporting template to track ad clicks, impressions, and engagement metrics easily.",165562
https://www.oviond.com/reporting-templates/x-formally-twitter/,templates,X (Twitter) Reporting Template | Oviond,X (Twitter) Reporting Template,"For marketing agencies. Use an X reporting template to automate branded reports tracking tweets, followers, impressions, and engagement metrics.",165438
https://www.oviond.com/reporting-templates/linkedin-ads/,templates,LinkedIn Ads Reporting Template | Oviond,LinkedIn Ads Reporting Template,"For marketing agencies. Use a LinkedIn Ads reporting template to automate branded reports tracking campaign clicks, engagement, and ROI metrics",165558
https://www.oviond.com/reporting-templates/linkedin/,templates,LinkedIn Reporting Template | Oviond,LinkedIn Reporting Template,"For marketing agencies. Start fast with a LinkedIn reporting template to create branded, automated reports tracking page impressions and audience growth.",165217
https://www.oviond.com/reporting-templates/google-search-console/,templates,Google Search Console Reporting Template | Oviond,Google Search Console Reporting Template,For marketing agencies. Get started fast with a Google Search Console reporting template to automate branded SEO reports with rankings and performance insights.,165845
https://www.oviond.com/reporting-templates/google-page-speed-insights/,templates,Google Page Speed Insights Reporting Template | Oviond,Google Page Speed Insights Reporting Template,For marketing agencies. Use a Google Page Speed Insights reporting template to track site speed metrics and automate branded reports for your clients.,166064
https://www.oviond.com/reporting-templates/google-business-profile/,templates,Google Business Profile Reporting Template | Oviond,Google Business Profile Reporting Template,"For marketing agencies. Automate branded reports with a Google Business Profile reporting template to track views, clicks, and local SEO performance.",165953
https://www.oviond.com/reporting-templates/google-analytics-4/,templates,Google Analytics 4 Reporting Template | Oviond,Google Analytics 4 Reporting Template,For marketing agencies. Get started quickly with a Google Analytics 4 reporting template to automate branded reports and track key web metrics with ease.,165755
https://www.oviond.com/reporting-templates/google-ads/,templates,Google Ads Reporting Template | Oviond,Google Ads Reporting Template,"For marketing agencies. Use this Google Ads reporting template to automate branded reports, track campaign performance, and share insights effortlessly.",165587
https://www.oviond.com/reporting-templates/facebook-pages/,templates,Facebook Pages Reporting Template | Oviond,Facebook Pages Reporting Template,"For marketing agencies. Create branded, automated Facebook Pages reports to track engagement, audience growth, and reach—all from your own domain.",165498
https://www.oviond.com/reporting-templates/facebook-ads/,templates,Facebook Ads Reporting Template - Oviond,Facebook Ads Reporting Template,For marketing agencies. Start fast with a Facebook Ads reporting template to automate branded reports and share performance insights from your domain.,165517
