domain,top10_count
www.reddit.com,100
dashthis.com,54
whatagraph.com,44
portermetrics.com,44
windsor.ai,42
supermetrics.com,41
improvado.io,33
blog.coupler.io,30
funnel.io,27
databox.com,25
www.coupler.io,23
www.youtube.com,23
www.swydo.com,23
www.tapclicks.com,21
www.hubspot.com,18
www.reportingninja.com,17
www.catchr.io,16
www.linkedin.com,16
twominutereports.com,15
datastudio.google.com,15
mailchimp.com,15
agencyanalytics.com,13
www.cometly.com,13
knowledge.hubspot.com,13
zapier.com,12
workspace.google.com,12
www.facebook.com,11
www.hootsuite.com,10
support.google.com,10
advertising.amazon.com,10
thedigitalprojectmanager.com,9
www.domo.com,9
www.dataslayer.ai,9
woocommerce.com,8
www.canva.com,7
www.oviond.com,7
skyvia.com,7
www.smartsheet.com,6
unito.io,6
www.databloo.com,6
segmentstream.com,6
www.reportdash.com,6
www.adriel.com,6
www.g2.com,6
ecosystem.hubspot.com,6
adzviser.com,6
manus.im,5
www.mlclever.com,5
blog.hubspot.com,5
reportgarden.com,5
www.geckoboard.com,5
www.zoho.com,5
www.clicdata.com,5
segmetrics.io,5
community.hubspot.com,5
www.octoboard.com,5
www.shopify.com,5
amplitude.com,5
www.semrush.com,4
www.ninjacat.io,4
chatgpt.com,4
rows.com,4
offers.hubspot.com,4
thecmo.com,4
motionapp.com,4
www.teamwork.com,4
www.slingshotapp.io,4
dashboarddesignlab.com,4
syncwith.com,4
www.softwareadvice.com,4
docs.cloud.google.com,4
community.klaviyo.com,4
sproutsocial.com,3
www.sprinklr.com,3
www.seoptimer.com,3
venngage.com,3
www.template.net,3
www.samcart.com,3
piktochart.com,3
www.whatconverts.com,3
www.daxrm.com,3
monday.com,3
madgicx.com,3
www.softr.io,3
www.ruleranalytics.com,3
www.sarasanalytics.com,3
marketingplatform.google.com,3
agencydashboard.io,3
wordpress.org,3
github.com,3
apps.shopify.com,3
community.shopify.com,3
www.powermyanalytics.com,3
www.hellooperator.ai,3
dribbble.com,3
www.cbinsights.com,3
www.cdata.com,3
n8n.io,3
www.hifranklin.com,3
learn.microsoft.com,3
stackby.com,3
www.analyticsmania.com,3
discuss.google.dev,3
composio.dev,3
www.redbird.io,3
www.adobe.com,2
get.later.com,2
seranking.com,2
www.indeed.com,2
digitalmarketinginstitute.com,2
www.kuse.ai,2
www.quora.com,2
word.cloud.microsoft,2
www.gartner.com,2
buffer.com,2
www.socialinsider.io,2
www.owox.com,2
www.go-insights.com,2
ppc.io,2
www.rollstack.com,2
www.cloudways.com,2
datapad.io,2
www.thoughtspot.com,2
www.appvizer.com,2
www.qlik.com,2
www.revealbi.io,2
medium.com,2
88studio.io,2
community.make.com,2
www.jaspersoft.com,2
reportz.io,2
www.alpomi.com,2
apipheny.io,2
www.hockeystack.com,2
community.zapier.com,2
www.prezent.ai,2
julius.ai,2
developers.google.com,2
mixedanalytics.com,2
awesome-table.com,2
kpibees.com,2
www.wpbeginner.com,2
weld.app,2
developers.pinterest.com,2
detrics.io,2
business.linkedin.com,2
www.producthunt.com,2
suganthan.com,2
mcpmarket.com,2
www.markifact.com,2
nilsrooijmans.com,2
www.capterra.com,2
www.klaviyo.com,2
www.firecrawl.dev,2
ahrefs.com,1
nightwatch.io,1
www.searchtosale.io,1
www.zdnet.com,1
www.aidocmaker.com,1
www.makeform.ai,1
www.marketermilk.com,1
www.thesearchengineshop.com,1
www.oneupweb.com,1
ronja.tech,1
www.fifteendesign.co.uk,1
adstransparency.google.com,1
www.socialstatus.io,1
www.augmentedtechlabs.com,1
www.definite.app,1
www.knowi.com,1
www.adverity.com,1
www.factset.com,1
www.optmyzr.com,1
adalysis.com,1
www.clickcease.com,1
fluenthq.com,1
www.vendasta.com,1
searchatlas.com,1
riffanalytics.ai,1
aioseo.com,1
saagasolve.com,1
www.projectmanager.com,1
documentero.com,1
www.jotform.com,1
www.plecto.com,1
pro.houzz.com,1
www.auditdashboard.com,1
www.graphed.com,1
www.adstellar.ai,1
vidi-corp.com,1
www.greenlanemarketing.com,1
www.beautiful.ai,1
www.salesforce.com,1
www.triplewhale.com,1
metorik.com,1
datahawk.co,1
www.atlassian.com,1
michaelhoweely.com,1
www.cyfe.com,1
softr.io,1
bidscube.com,1
docs.supermetrics.com,1
tagmanager.google.com,1
www.gsheetconnector.com,1
www.toucantoco.com,1
thereportinghub.com,1
trackright.com,1
www.clickintelligence.com,1
crozdesk.com,1
support.sheetgo.com,1
mipler.com,1
reportgenix.com,1
askbosco.io,1
www.freepik.com,1
www.slideteam.net,1
pipelinedigital.co.uk,1
www.eesel.ai,1
www.cmswire.com,1
powerdrill.ai,1
gamma.app,1
www.radai.com,1
companycam.com,1
www.read.ai,1
www.activecampaign.com,1
www.datagrid.com,1
coefficient.io,1
lookerstudio.digitalmicroenterprise.com,1
www.make.com,1
www.synchub.io,1
www.arpriceplugin.com,1
www.wetracked.io,1
elements.envato.com,1
marketplace.looker.com,1
retool.com,1
slidebeast.com,1
fixmystore.com,1
www.openbridge.com,1
help.pinterest.com,1
ads.pinterest.com,1
www.marinsoftware.com,1
business.pinterest.com,1
www.mastermetrics.com,1
vaizle.com,1
transparency.meta.com,1
mostmarketing.net,1
admanage.ai,1
www.lupagedigital.com,1
blog.epilocal.com,1
www.usebouncer.com,1
www.fibbler.co,1
lookerstudio.jivrus.com,1
www.titanmarketingagency.com,1
www.pinterest.com,1
datawarehouse.io,1
www.aleydasolis.com,1
querystreams.com,1
help.fareharbor.com,1
analythical.com,1
zeo.org,1
www.uttr.com,1
knowledge.profitmetrics.io,1
groups.google.com,1
www.sheetgo.com,1
granularmarketing.com,1
alphasheet.io,1
www.carnegiehighered.com,1
www.sandstormdesign.com,1
www.growthaccelerationpartners.com,1
www.optimizesmart.com,1
ga4.com,1
www.lovesdata.com,1
www.trkkn.com,1
corraldata.com,1
blog.dataddo.com,1
syncrange.com,1
askphill.com,1
help.shopify.com,1
www.gotolstoy.com,1
www.digitalcommerce360.com,1
zipify.com,1
community.openai.com,1
www.ringly.io,1
www.jonloomer.com,1
www.get-ryze.ai,1
pipeboard.co,1
developers.hubspot.com,1
www.fastslowmotion.com,1
blog.startupgrind.com,1
nick-nolan.medium.com,1
help.trueclicks.com,1
www.team4.agency,1
twooctobers.com,1
www.mintmcp.com,1
insightfulpipe.com,1
docs.owox.com,1
www.talkwalker.com,1
www.zite.com,1
help.perpetua.io,1
sellermetrics.app,1
wiseppc.com,1
www.agorapulse.com,1
smartmetrics.com,1
www.matzanalytics.com,1
myadanalytics.com,1
www.serchen.com,1
slashdot.org,1
alternativeto.net,1
sourceforge.net,1
eliteai.tools,1
www.techjockey.com,1
www.loom.com,1
technologycounter.com,1
www.krowdbase.com,1
www.nielsen.com,1
www.simplekpi.com,1
www.wrike.com,1
preset.io,1
clientreports.ai,1
www.glean.com,1
openkoda.com,1
www.aiforwork.co,1
www.smartinsights.com,1
www.hashmeta.ai,1
www.benchmarkemail.com,1
vibeproductmarketing.substack.com,1
newsletter.mkt1.co,1
www.mayfield.com,1
www.anthropic.com,1
www.vector.co,1
trailhead.salesforce.com,1
www.mailjet.com,1
mcpmanager.ai,1
www.1clickreport.com,1
www.singular.net,1
marketingguys.com,1
