domain,url,cluster,title,h1,description
powermyanalytics.com,https://www.powermyanalytics.com/activecampaign-data-connector-release/,integrations/connectors,ActiveCampaign Data Connector Release - Power My Analytics,ActiveCampaign Data Connector Release,"ActiveCampaign empowers businesses to create sophisticated customer experiences through powerful email marketing, automation, and CRM features. Track your campaign performance, understand audience engagement, and measure the impact of your email marketing efforts. Now Power My Analytics users can integrate ActiveCampaign metrics into their favorite data destinations."
powermyanalytics.com,https://www.powermyanalytics.com/ai-insights-for-data-builder-beta/,ai/agent pages,AI Insights In Data Builder Release - Power My Analytics,AI Insights in Data Builder Release,We
powermyanalytics.com,https://www.powermyanalytics.com/apple-search-ads-data-connector-release/,integrations/connectors,Apple Search Ads Data Connector Release - Power My Analytics,Apple Search Ads Data Connector Release,"Apple Search Ads is a powerful tool for mobile app marketers, allowing them to promote their apps at the top of App Store search results. With over 70% of App Store visitors using search to find apps, this platform offers a prime opportunity to increase visibility and drive downloads. […]"
powermyanalytics.com,https://www.powermyanalytics.com/compare/,alternatives/comparisons,Compare Landing Pages - Power My Analytics,Compare Landing Pages,
powermyanalytics.com,https://www.powermyanalytics.com/compare/marketing-reports/,alternatives/comparisons,Marketing Reports - Power My Analytics,Take Control of Your Marketing Data,
powermyanalytics.com,https://www.powermyanalytics.com/compare/vs-funnel/,alternatives/comparisons,Funnel Vs Power My Analytics - Power My Analytics,Funnel vs Power My Analytics,
powermyanalytics.com,https://www.powermyanalytics.com/compare/vs-supermetrics/,alternatives/comparisons,Supermetrics Vs Power My Analytics - Power My Analytics,Supermetrics vs Power My Analytics,
powermyanalytics.com,https://www.powermyanalytics.com/connectors/,integrations/connectors,Data Connectors for Marketing Reports - Power My Analytics,Data Source Connectors,
powermyanalytics.com,https://www.powermyanalytics.com/connectors/activecampaign/,integrations/connectors,ActiveCampaign Data Connectors - Automate Your Marketing Data,ActiveCampaign Data Connector,Integrate ActiveCampaign metrics into your favorite data destinations with Power My Analytics reporting automation. Save time and impress your clients or boss.
powermyanalytics.com,https://www.powermyanalytics.com/connectors/adroll/,integrations/connectors,AdRoll Data Connectors - Automate Your Marketing Data,AdRoll Data Connector,Integrate AdRoll metrics into your favorite data destinations with Power My Analytics reporting automation. Save time and impress your clients or boss.
powermyanalytics.com,https://www.powermyanalytics.com/connectors/ahrefs/,integrations/connectors,Ahrefs Data Connectors - Automate Your Marketing Data,Ahrefs Data Connector,Integrate Ahrefs metrics into your favorite data destinations with Power My Analytics reporting automation. Save time and impress your clients or boss.
powermyanalytics.com,https://www.powermyanalytics.com/connectors/airbyte/,integrations/connectors,Airbyte Data Connectors - Automate Your Marketing Data,Airbyte Data Connector,Integrate Airbyte metrics into your favorite data destinations with Power My Analytics reporting automation. Save time and impress your clients or boss.
powermyanalytics.com,https://www.powermyanalytics.com/connectors/amazon-ads/,integrations/connectors,Amazon Ads Data Connectors - Automate Your Marketing Data,Amazon Ads Data Connector,Integrate Amazon Ads metrics into your favorite data destinations with Power My Analytics reporting automation. Save time and impress your clients or boss.
powermyanalytics.com,https://www.powermyanalytics.com/connectors/amazon-vendor-central/,integrations/connectors,Amazon Vendor Central Data Connectors - Automate Your Marketing Data,Amazon Vendor Central Data Connector,Integrate Amazon Vendor Central metrics into your favorite data destinations with Power My Analytics reporting automation. Save time and impress your clients or boss.
powermyanalytics.com,https://www.powermyanalytics.com/connectors/amazon/,integrations/connectors,Amazon Seller Central Data Connectors - Automate Your Marketing Data,Amazon Seller Central Data Connector,Integrate Amazon Seller Central metrics into your favorite data destinations with Power My Analytics reporting automation. Save time and impress your clients or boss.
powermyanalytics.com,https://www.powermyanalytics.com/connectors/amplitude/,integrations/connectors,Amplitude Data Connectors - Automate Your Marketing Data,Amplitude Data Connector,Integrate Amplitude metrics into your favorite data destinations with Power My Analytics reporting automation. Save time and impress your clients or boss.
powermyanalytics.com,https://www.powermyanalytics.com/connectors/apple-ads/,integrations/connectors,Apple Ads Data Connectors - Automate Your Marketing Data,Apple Ads Data Connector,Integrate Apple Ads metrics into your favorite data destinations with Power My Analytics reporting automation. Save time and impress your clients or boss.
powermyanalytics.com,https://www.powermyanalytics.com/connectors/bigcommerce/,integrations/connectors,BigCommerce Data Connectors - Automate Your Marketing Data,BigCommerce Data Connector,Integrate BigCommerce metrics into your favorite data destinations with Power My Analytics reporting automation. Save time and impress your clients or boss.
powermyanalytics.com,https://www.powermyanalytics.com/connectors/brevo/,integrations/connectors,Brevo Data Connectors - Automate Your Marketing Data,Brevo Data Connector,Integrate Brevo metrics into your favorite data destinations with Power My Analytics reporting automation. Save time and impress your clients or boss.
powermyanalytics.com,https://www.powermyanalytics.com/connectors/callrail/,integrations/connectors,Callrail Data Connectors - Automate Your Marketing Data,Callrail Data Connector,Integrate Callrail metrics into your favorite data destinations with Power My Analytics reporting automation. Save time and impress your clients or boss.
powermyanalytics.com,https://www.powermyanalytics.com/connectors/campaignmonitor/,integrations/connectors,Campaign Monitor Data Connectors - Automate Your Marketing Data,Campaign Monitor Data Connector,Integrate Campaign Monitor metrics into your favorite data destinations with Power My Analytics reporting automation. Save time and impress your clients or boss.
powermyanalytics.com,https://www.powermyanalytics.com/connectors/cartstack/,integrations/connectors,CartStack Data Connectors - Automate Your Marketing Data,CartStack Data Connector,Integrate CartStack metrics into your favorite data destinations with Power My Analytics reporting automation. Save time and impress your clients or boss.
powermyanalytics.com,https://www.powermyanalytics.com/connectors/chartmogul/,integrations/connectors,Chartmogul Data Connectors - Automate Your Marketing Data,Chartmogul Data Connector,Integrate Chartmogul metrics into your favorite data destinations with Power My Analytics reporting automation. Save time and impress your clients or boss.
powermyanalytics.com,https://www.powermyanalytics.com/connectors/cleverreach/,integrations/connectors,CleverReach Data Connectors - Automate Your Marketing Data,CleverReach Data Connector,Integrate CleverReach metrics into your favorite data destinations with Power My Analytics reporting automation. Save time and impress your clients or boss.
powermyanalytics.com,https://www.powermyanalytics.com/connectors/clockify/,integrations/connectors,Clockify Data Connectors - Automate Your Marketing Data,Clockify Data Connector,Integrate Clockify metrics into your favorite data destinations with Power My Analytics reporting automation. Save time and impress your clients or boss.
powermyanalytics.com,https://www.powermyanalytics.com/connectors/constant-contact/,integrations/connectors,Constant Contact Data Connectors - Automate Your Marketing Data,Constant Contact Data Connector,Integrate Constant Contact metrics into your favorite data destinations with Power My Analytics reporting automation. Save time and impress your clients or boss.
powermyanalytics.com,https://www.powermyanalytics.com/connectors/criteo/,integrations/connectors,Criteo Data Connectors - Automate Your Marketing Data,Criteo Data Connector,Integrate Criteo metrics into your favorite data destinations with Power My Analytics reporting automation. Save time and impress your clients or boss.
powermyanalytics.com,https://www.powermyanalytics.com/connectors/dotdigital/,integrations/connectors,Dotdigital Data Connectors - Automate Your Marketing Data,Dotdigital Data Connector,Integrate Dotdigital metrics into your favorite data destinations with Power My Analytics reporting automation. Save time and impress your clients or boss.
powermyanalytics.com,https://www.powermyanalytics.com/connectors/drip/,integrations/connectors,Drip Data Connectors - Automate Your Marketing Data,Drip Data Connector,Integrate Drip metrics into your favorite data destinations with Power My Analytics reporting automation. Save time and impress your clients or boss.
powermyanalytics.com,https://www.powermyanalytics.com/connectors/ebay/,integrations/connectors,eBay Seller Center Data Connectors - Automate Your Marketing Data,eBay Seller Center Data Connector,Integrate eBay Seller Center metrics into your favorite data destinations with Power My Analytics reporting automation. Save time and impress your clients or boss.
powermyanalytics.com,https://www.powermyanalytics.com/connectors/etsy/,integrations/connectors,Etsy Data Connectors - Automate Your Marketing Data,Etsy Data Connector,Integrate Etsy metrics into your favorite data destinations with Power My Analytics reporting automation. Save time and impress your clients or boss.
powermyanalytics.com,https://www.powermyanalytics.com/connectors/evadav/,integrations/connectors,Evadav Data Connectors - Automate Your Marketing Data,Evadav Data Connector,Integrate Evadav metrics into your favorite data destinations with Power My Analytics reporting automation. Save time and impress your clients or boss.
powermyanalytics.com,https://www.powermyanalytics.com/connectors/everflow/,integrations/connectors,Everflow Data Connectors - Automate Your Marketing Data,Everflow Data Connector,Integrate Everflow metrics into your favorite data destinations with Power My Analytics reporting automation. Save time and impress your clients or boss.
powermyanalytics.com,https://www.powermyanalytics.com/connectors/facebook-ads/,integrations/connectors,Facebook Ads Data Connectors - Automate Your Marketing Data,Facebook Ads Data Connector,Integrate Facebook Ads metrics into your favorite data destinations with Power My Analytics reporting automation. Save time and impress your clients or boss.
powermyanalytics.com,https://www.powermyanalytics.com/connectors/facebook-pages/,integrations/connectors,Facebook Page Insights Data Connectors - Automate Your Marketing Data,Facebook Page Insights Data Connector,Integrate Facebook Page Insights metrics into your favorite data destinations with Power My Analytics reporting automation. Save time and impress your clients or boss.
powermyanalytics.com,https://www.powermyanalytics.com/connectors/facebook/,integrations/connectors,Facebook Data Connectors - Automate Your Marketing Reports,Facebook Data Connectors,
powermyanalytics.com,https://www.powermyanalytics.com/connectors/freshdesk/,integrations/connectors,Freshdesk Data Connectors - Automate Your Marketing Data,Freshdesk Data Connector,Integrate Freshdesk metrics into your favorite data destinations with Power My Analytics reporting automation. Save time and impress your clients or boss.
powermyanalytics.com,https://www.powermyanalytics.com/connectors/google-ads/,integrations/connectors,Google Ads Data Connectors - Automate Your Marketing Data,Google Ads Data Connector,Integrate Google Ads metrics into your favorite data destinations with Power My Analytics reporting automation. Save time and impress your clients or boss.
powermyanalytics.com,https://www.powermyanalytics.com/connectors/google-analytics-4/,integrations/connectors,Google Analytics 4 Data Connectors - Automate Your Marketing Data,Google Analytics 4 Data Connector,Integrate Google Analytics 4 metrics into your favorite data destinations with Power My Analytics reporting automation. Save time and impress your clients or boss.
powermyanalytics.com,https://www.powermyanalytics.com/connectors/google-business-profile/,integrations/connectors,Google Business Profile Data Connectors - Automate Your Marketing Data,Google Business Profile Data Connector,Integrate Google Business Profile metrics into your favorite data destinations with Power My Analytics reporting automation. Save time and impress your clients or boss.
powermyanalytics.com,https://www.powermyanalytics.com/connectors/google-merchant-center/,integrations/connectors,Google Merchant Center Data Connectors - Automate Your Marketing Data,Google Merchant Center Data Connector,Integrate Google Merchant Center metrics into your favorite data destinations with Power My Analytics reporting automation. Save time and impress your clients or boss.
powermyanalytics.com,https://www.powermyanalytics.com/connectors/google-search-console/,integrations/connectors,Google Search Console Data Connectors - Automate Your Marketing Data,Google Search Console Data Connector,Integrate Google Search Console metrics into your favorite data destinations with Power My Analytics reporting automation. Save time and impress your clients or boss.
powermyanalytics.com,https://www.powermyanalytics.com/connectors/google/,integrations/connectors,Google Data Connectors - Automate Your Marketing Reports,Google Data Connectors,
powermyanalytics.com,https://www.powermyanalytics.com/connectors/hubspot/,integrations/connectors,HubSpot Data Connectors - Automate Your Marketing Data,HubSpot Data Connector,Integrate HubSpot metrics into your favorite data destinations with Power My Analytics reporting automation. Save time and impress your clients or boss.
powermyanalytics.com,https://www.powermyanalytics.com/connectors/instagram-insights/,integrations/connectors,Instagram Insights Data Connectors - Automate Your Marketing Data,Instagram Insights Data Connector,Integrate Instagram Insights metrics into your favorite data destinations with Power My Analytics reporting automation. Save time and impress your clients or boss.
powermyanalytics.com,https://www.powermyanalytics.com/connectors/instagram/,integrations/connectors,Instagram Connectors for Google Data Studio / Analytics,Instagram Data Connectors,Integrate your Instagram data into Google Data Studio & Analytics with a few clicks. Agency preferred connector. Phone support available.
powermyanalytics.com,https://www.powermyanalytics.com/connectors/klaviyo/,integrations/connectors,Klaviyo Data Connectors - Automate Your Marketing Data,Klaviyo Data Connector,Integrate Klaviyo metrics into your favorite data destinations with Power My Analytics reporting automation. Save time and impress your clients or boss.
powermyanalytics.com,https://www.powermyanalytics.com/connectors/legiscan/,integrations/connectors,Legiscan Data Connectors - Automate Your Marketing Data,Legiscan Data Connector,Integrate Legiscan metrics into your favorite data destinations with Power My Analytics reporting automation. Save time and impress your clients or boss.
powermyanalytics.com,https://www.powermyanalytics.com/connectors/linkedin-ads/,integrations/connectors,LinkedIn Ads Data Connectors - Automate Your Marketing Data,LinkedIn Ads Data Connector,Integrate LinkedIn Ads metrics into your favorite data destinations with Power My Analytics reporting automation. Save time and impress your clients or boss.
powermyanalytics.com,https://www.powermyanalytics.com/connectors/linkedin-pages/,integrations/connectors,LinkedIn Company Analytics Data Connectors - Automate Your Marketing Data,LinkedIn Company Analytics Data Connector,Integrate LinkedIn Company Analytics metrics into your favorite data destinations with Power My Analytics reporting automation. Save time and impress your clients or boss.
powermyanalytics.com,https://www.powermyanalytics.com/connectors/linkedin/,integrations/connectors,LinkedIn Data Connectors - Automate Your Marketing Reports,LinkedIn Data Connectors,
powermyanalytics.com,https://www.powermyanalytics.com/connectors/mailchimp/,integrations/connectors,MailChimp Data Connectors - Automate Your Marketing Data,MailChimp Data Connector,Integrate MailChimp metrics into your favorite data destinations with Power My Analytics reporting automation. Save time and impress your clients or boss.
powermyanalytics.com,https://www.powermyanalytics.com/connectors/microsoft-advertising/,integrations/connectors,Microsoft Advertising Data Connectors - Automate Your Marketing Data,Microsoft Advertising Data Connector,Integrate Microsoft Advertising metrics into your favorite data destinations with Power My Analytics reporting automation. Save time and impress your clients or boss.
powermyanalytics.com,https://www.powermyanalytics.com/connectors/mixpanel/,integrations/connectors,Mixpanel Data Connectors - Automate Your Marketing Data,Mixpanel Data Connector,Integrate Mixpanel metrics into your favorite data destinations with Power My Analytics reporting automation. Save time and impress your clients or boss.
powermyanalytics.com,https://www.powermyanalytics.com/connectors/moz/,integrations/connectors,Moz Data Connectors - Automate Your Marketing Data,Moz Data Connector,Integrate Moz metrics into your favorite data destinations with Power My Analytics reporting automation. Save time and impress your clients or boss.
powermyanalytics.com,https://www.powermyanalytics.com/connectors/omnisend/,integrations/connectors,Omnisend Data Connectors - Automate Your Marketing Data,Omnisend Data Connector,Integrate Omnisend metrics into your favorite data destinations with Power My Analytics reporting automation. Save time and impress your clients or boss.
powermyanalytics.com,https://www.powermyanalytics.com/connectors/outbrain/,integrations/connectors,Outbrain Data Connectors - Automate Your Marketing Data,Outbrain Data Connector,Integrate Outbrain metrics into your favorite data destinations with Power My Analytics reporting automation. Save time and impress your clients or boss.
powermyanalytics.com,https://www.powermyanalytics.com/connectors/paypal/,integrations/connectors,PayPal Data Connectors - Automate Your Marketing Data,PayPal Data Connector,Integrate PayPal metrics into your favorite data destinations with Power My Analytics reporting automation. Save time and impress your clients or boss.
powermyanalytics.com,https://www.powermyanalytics.com/connectors/pinterest-ads/,integrations/connectors,Pinterest Ads Data Connectors - Automate Your Marketing Data,Pinterest Ads Data Connector,Integrate Pinterest Ads metrics into your favorite data destinations with Power My Analytics reporting automation. Save time and impress your clients or boss.
powermyanalytics.com,https://www.powermyanalytics.com/connectors/pinterest-lifetime-analytics/,integrations/connectors,Pinterest Analytics Data Connectors - Automate Your Marketing Data,Pinterest Analytics Data Connector,Integrate Pinterest Analytics metrics into your favorite data destinations with Power My Analytics reporting automation. Save time and impress your clients or boss.
