domain,url,cluster,title,h1,description,bytes
swydo.com,https://www.swydo.com/blog/10-must-have-ga4-seo-reports/,solution/keyword pages,10 Must-Have GA4 Reports For All SEOs - Swydo,10 Must-Have GA4 Reports For All SEOs,Measure your SEO performance with this expert guide of 10 must-have GA4 SEO reports. Learn from UK's leading digital marketing agency.,274102
swydo.com,https://www.swydo.com/blog/7-powerful-ecommerce-kpis-you-need-to-track-for-growth-right-now/,metrics/kpi/glossary,7 Powerful eCommerce KPIs You Need To Track For Growth Right Now! - Swydo,7 Powerful eCommerce KPIs You Need To Track For Growth Right Now!,Learn what ecommerce KPIs are critical to track performance and interpret emerging trends/results to make better data-driven decisions.,267379
swydo.com,https://www.swydo.com/blog/8-powerful-ways-a-marketing-dashboard-helps-your-business-grow/,solution/keyword pages,8 Powerful Ways A Marketing Dashboard Helps Your Business Grow - Swydo,8 Powerful Ways A Marketing Dashboard Helps Your Business Grow,"Marketing dashboards are a powerful way to manage information for your marketing strategy, and can help businesses large or small increase their ROI.",248928
swydo.com,https://www.swydo.com/blog/a-beginner-marketers-guide-to-automated-reporting-tools/,solution/keyword pages,A Newbie Marketer’s Guide to Automated Reporting Tools,A Newbie Marketer’s Guide to Automated Reporting Tools,Save time and navigate data complexities with automated reporting tools. Discover Swydo's user-friendly features for beginner marketers. Create your free report today!,250813
swydo.com,https://www.swydo.com/blog/agencyanalytics-alternatives/,alternatives/comparisons,12 AgencyAnalytics Alternatives Ranked by Agency Type and Budget - Swydo,12 AgencyAnalytics Alternatives Ranked by Agency Type and Budget,"Compare 12 AgencyAnalytics alternatives by agency type, true cost at scale, and features. Find the right reporting tool for SEO, PPC, or full-service agencies.",359504
swydo.com,https://www.swydo.com/blog/benefits-client-reporting/,solution/keyword pages,Benefits your agency can gain through regular client reporting.,6 Client Reporting Benefits That Drive Success,Time to hit send on those monthly client reports? Here are some ways your digital marketing agency can benefit through the process!,282442
swydo.com,https://www.swydo.com/blog/benefits-of-email-templates/,templates,Benefits of Email Templates - Swydo,Benefits of Email Templates,"Learn how email templates can help your agency or team become more efficient, make fewer mistakes, and improve lines of communication.",247961
swydo.com,https://www.swydo.com/blog/best-b2b-reporting-tools/,solution/keyword pages,6 Best B2B Reporting Tools That Actually Connect Marketing Spend to Revenue - Swydo,6 Best B2B Reporting Tools That Actually Connect Marketing Spend to Revenue,Compare the best B2B reporting tools for multi-touch attribution and account-based tracking. Find the right platform for your team size and technical needs.,300584
swydo.com,https://www.swydo.com/blog/best-client-reporting-software/,solution/keyword pages,The 7 Best Client Reporting Software Tools for Marketing Agencies in 2026 - Swydo,The 7 Best Client Reporting Software Tools for Marketing Agencies in 2026,"Compare 7 top client reporting tools for marketing agencies. Streamline workflows, impress clients, and drive growth. Choose your ideal reporting solution now!",465759
swydo.com,https://www.swydo.com/blog/best-facebook-reporting-tools/,solution/keyword pages,10 Best Facebook Reporting Tools for Marketing Agencies in 2026 - Swydo,10 Best Facebook Reporting Tools for Marketing Agencies in 2026,"Compare the best Facebook reporting tools for marketing agencies. See how Swydo, Databox, and others deliver value through reliability, visualization, and competitive analysis while improving client retention by 42% and saving 15-20 hours monthly.",332907
swydo.com,https://www.swydo.com/blog/best-google-ads-reporting-tools/,solution/keyword pages,15 Best Google Ads Reporting Tools That Actually Scale Agency Profit in 2026 - Swydo,15 Best Google Ads Reporting Tools That Actually Scale Agency Profit in 2026,"Compare 14 Google Ads reporting tools tested by agencies. See which tools save 15+ hours weekly, boost client retention, and scale profitable growth. Includes real costs, implementation time, and ROI data.",308276
swydo.com,https://www.swydo.com/blog/best-instagram-reporting-tools/,solution/keyword pages,15 Best Instagram Reporting Tools for Agencies (2026 Picks) - Swydo,15 Best Instagram Reporting Tools for Agencies (2026 Picks),"Compare the 15 best Instagram reporting tools for agencies. Real pricing, white-label depth, and which platform fits your client count in 2026.",335231
swydo.com,https://www.swydo.com/blog/best-looker-studio-connectors/,integrations/connectors,31 Best Data Studio (Formerly Looker Studio) Connectors for Marketing Agencies in 2026 - Swydo,31 Best Data Studio (Formerly Looker Studio) Connectors for Marketing Agencies in 2026,"Comprehensive guide to Looker Studio connectors for marketing agencies. Learn which data connectors deliver the most value, and alternatives to juggling multiple tools. Find the best connectors for Google, Facebook, SEO, and social media reporting.",326884
swydo.com,https://www.swydo.com/blog/best-ppc-reporting-tools/,solution/keyword pages,11 Best PPC Reporting Tools for Marketing Agencies in 2026 - Swydo,11 Best PPC Reporting Tools for Marketing Agencies in 2026,The definitive guide to the best PPC reporting tools. Find the perfect platform for your agency size and turn reporting from a chore into an advantage.,331079
swydo.com,https://www.swydo.com/blog/best-report-garden-alternatives/,alternatives/comparisons,7 Best Report Garden Alternatives That Actually Work in 2026 (Detailed Comparison) - Swydo,7 Best Report Garden Alternatives That Actually Work in 2026 (Detailed Comparison),"Report Garden users are switching to better alternatives. Compare 7 top marketing reporting tools with real pricing, features, and user reviews. Find your perfect solution in 2025.",303745
swydo.com,https://www.swydo.com/blog/best-sem-reporting-tools/,solution/keyword pages,"The Best SEM Reporting Tools Compared by Price, Features, and Fit - Swydo","The Best SEM Reporting Tools Compared by Price, Features, and Fit","Compare the best SEM reporting tools for agencies including Swydo, AgencyAnalytics, DashThis, Whatagraph, and Optmyzr. See real pricing, hidden costs, and which platform fits your agency size and specialization.",302271
swydo.com,https://www.swydo.com/blog/best-seo-reporting-software/,solution/keyword pages,9 Best SEO Reporting Software for Marketing Agencies in 2026 - Swydo,9 Best SEO Reporting Software for Marketing Agencies in 2026,"Stop losing Fridays to manual reports! Discover the best SEO reporting softwares to save time, impress clients, and grow your agency. Expert reviews inside.",318933
swydo.com,https://www.swydo.com/blog/best-social-media-reporting-tools/,solution/keyword pages,15 Best Social Media Reporting Tools for Marketing Agencies in 2026 - Swydo,15 Best Social Media Reporting Tools for Marketing Agencies in 2026,"Best social media reporting tools for agencies in 2025. Compare Hootsuite, Sprout Social, Later, Sendible, Agorapulse, and more. Find the right tool to prove ROI, save time, and manage client workloads effectively",356148
swydo.com,https://www.swydo.com/blog/best-white-label-reporting-tools/,solution/keyword pages,11 Best White Label Reporting Tools for Marketing Agencies - Swydo,11 Best White Label Reporting Tools for Marketing Agencies,"Honest comparison of 10 white label reporting tools tested with real client data. Includes true costs, hidden fees, and which platforms actually remove all third-party branding",312597
swydo.com,https://www.swydo.com/blog/best-white-label-seo-tools/,solution/keyword pages,Best White Label SEO Tools That Actually Save You Money and Time - Swydo,Best White Label SEO Tools That Actually Save You Money and Time,"Compare the best white label SEO tools based on real costs, features, and what actually works for agencies. Get honest reviews of SE Ranking, Semrush, Swydo, and more—plus decision frameworks to choose the right tool for your agency size and budget.",315522
swydo.com,https://www.swydo.com/blog/client-churn-kpis/,metrics/kpi/glossary,Client Churn KPIs Every Marketing Agency Should Be Tracking Right Now - Swydo,Client Churn KPIs Every Marketing Agency Should Be Tracking Right Now,Most agencies measure churn after a client is already gone. Learn the five KPIs — from revenue churn rate and NRR to communication decay and champion departure risk — that flag at-risk accounts 3 to 6 months before the cancellation call arrives.,338868
swydo.com,https://www.swydo.com/blog/client-reporting-best-practices/,solution/keyword pages,Client Reporting Best Practices That Redefine Agency Success - Swydo,Client Reporting Best Practices That Redefine Agency Success,Why is client reporting indispensable to online marketing agencies that aim for long-term relationships with clients? And how to create client reports?,364183
swydo.com,https://www.swydo.com/blog/content-marketing-kpis/,metrics/kpi/glossary,20 Essential Content Marketing KPIs for Proving Your Value - Swydo,20 Essential Content Marketing KPIs for Proving Your Value,Track content marketing KPIs to optimize performance and improve ROI. Learn key metrics to measure your success effectively.,315676
swydo.com,https://www.swydo.com/blog/conversion-metrics/,metrics/kpi/glossary,10 Conversion Metrics That Actually Drive Revenue (Not Vanity Numbers) - Swydo,10 Conversion Metrics That Actually Drive Revenue (Not Vanity Numbers),"Learn which conversion metrics actually drive revenue. Track CAC, ROAS, CLV, and cart abandonment to optimize for profit, not vanity numbers.",306634
swydo.com,https://www.swydo.com/blog/dashboards-vs-reports/,alternatives/comparisons,When to Use Dashboards vs. Reports For Effective Client Communication - Swydo,When to Use Dashboards vs. Reports For Effective Client Communication,"Confused about dashboards vs. reports for client updates? This guide clarifies the differences, when to use each, and how to create reports that get results.",278795
swydo.com,https://www.swydo.com/blog/dashthis-alternatives/,alternatives/comparisons,6 DashThis Alternatives Compared (Stop Paying for Unused Dashboards) - Swydo,6 DashThis Alternatives Compared (Stop Paying for Unused Dashboards),"DashThis alternatives with unlimited dashboards and 100+ integrations. Compare Databox, Swydo, Whatagraph pricing vs DashThis's $409/month per-dashboard model. Free trials available.",298991
swydo.com,https://www.swydo.com/blog/data-visualization-vs-data-storytelling/,alternatives/comparisons,Data Visualization vs Data Storytelling — What Actually Wins Client Retainers - Swydo,Data Visualization vs Data Storytelling — What Actually Wins Client Retainers,"Visualizations show the what. Data stories explain the so what — and clients churn from the gap. Six frameworks, an AI workflow, and a bad-month playbook for agencies",368371
swydo.com,https://www.swydo.com/blog/databox-alternatives/,alternatives/comparisons,7 Better Databox Alternatives That Actually Work for Marketing Agencies - Swydo,7 Better Databox Alternatives That Actually Work for Marketing Agencies,"Find the best Databox alternative for your agency. We compare AgencyAnalytics, Whatagraph, Swydo, and 4 more tools on reliability, pricing, white-labeling, and features. Stop paying for add-ons and get reporting tools that work.",322847
swydo.com,https://www.swydo.com/blog/descriptive-vs-inferential-statistics/,alternatives/comparisons,How Descriptive and Inferential Statistics Drive Data Marketing Growth - Swydo,How Descriptive and Inferential Statistics Drive Data Marketing Growth,"Data overwhelms marketing agencies. Learn how descriptive and inferential statistics help extract value, predict trends, and improve client ROI.",313392
swydo.com,https://www.swydo.com/blog/digital-marketing-metrics/,metrics/kpi/glossary,The Most Important Digital Marketing Metrics for Client Report - Swydo,The Most Important Digital Marketing Metrics for Client Report,"Most digital marketing reports drown clients in numbers. This guide covers the metrics worth tracking across SEO, PPC, paid social, email, and retention — and the vanity metrics to drop. Built for agencies reporting in 2026",374122
swydo.com,https://www.swydo.com/blog/discrete-vs-continuous-data/,alternatives/comparisons,The Role of Discrete vs Continuous Data in Marketing - Swydo,The Role of Discrete vs Continuous Data in Marketing,Understand the difference between discrete vs continuous data and use them to create marketing campaigns that get results.,331847
swydo.com,https://www.swydo.com/blog/ecommerce-metrics/,metrics/kpi/glossary,The 10 Ecommerce Metrics That Actually Predict Business Success - Swydo,The 10 Ecommerce Metrics That Actually Predict Business Success,"Stop tracking vanity metrics that destroy client trust. Discover the 10 ecommerce metrics that predict real business success, solve attribution gaps, and transform agency relationships from vendor to strategic partner. Includes cash flow impact analysis and competitive intelligence frameworks",365288
swydo.com,https://www.swydo.com/blog/email-vs-social-media-marketing/,alternatives/comparisons,Email vs Social Media Marketing for Maximum ROI - Which Channel Actually Makes Money - Swydo,Email vs Social Media Marketing for Maximum ROI – Which Channel Actually Makes Money,"Email marketing delivers $36 for every $1 spent vs social media's complex ROI tracking. Compare costs, conversion rates, and resource requirements to choose the right channel for your business goals and budget.",306582
swydo.com,https://www.swydo.com/blog/facebook-ads-automated-reporting/,solution/keyword pages,Automate your Facebook Ads reporting and save time - Swydo,Automate your Facebook Ads reporting and save time,"Facebook Ads report automation is easy with Swydo. Save time with hundreds of pre-built metrics, KPIs and report templates you can customize.",254404
swydo.com,https://www.swydo.com/blog/facebook-ads-metrics/,metrics/kpi/glossary,15 Facebook Ads Metrics That Maximize ROI for Your Clients - Swydo,15 Facebook Ads Metrics That Maximize ROI for Your Clients,"Is it getting harder to deliver results with Facebook Ads? This guide explains 15 essential Facebook Ads metrics, how to analyze them, and improve campaign performance for your clients.",372381
swydo.com,https://www.swydo.com/blog/facebook-organic-metrics/,metrics/kpi/glossary,10 Important Facebook Organic Metrics That Actually Keep Agency Clients - Swydo,10 Important Facebook Organic Metrics That Actually Keep Agency Clients,Facebook organic reach dropped to 1.37% in 2024. Learn which 10 metrics agencies track to prove ROI and prevent client churn when performance declines.,312765
swydo.com,https://www.swydo.com/blog/google-ads-metrics/,metrics/kpi/glossary,"Google Ads Metrics in 2026 — What to Track, What to Ignore - Swydo","Google Ads Metrics in 2026 — What to Track, What to Ignore","Most agencies still lead client reports with CTR, CPC, and impressions. Here's the 2026 metric hierarchy that actually ties Google Ads spend to profit — POAS, ncROAS, CPQL, and the diagnostics that explain why outcomes moved.",382809
swydo.com,https://www.swydo.com/blog/google-ads-vs-facebook-ads/,alternatives/comparisons,Google Ads vs. Facebook Ads (The Agency Playbook for 2026) - Swydo,Google Ads vs. Facebook Ads (The Agency Playbook for 2026),"Compare Google Ads vs. Facebook Ads: learn platform strengths, cost differences, and how to maximize ROI with a strategic combined approach. Includes industry-specific success stories.",351509
swydo.com,https://www.swydo.com/blog/google-ads-vs-linkedin-ads/,alternatives/comparisons,LinkedIn Ads vs Google Ads for B2B — How to Pick the Right Platform - Swydo,LinkedIn Ads vs Google Ads for B2B — How to Pick the Right Platform,"LinkedIn Ads delivers 121% ROAS for B2B. Google Search returns 67%. See which platform fits your client's sales cycle, deal size, and budget — with full data",338669
swydo.com,https://www.swydo.com/blog/google-analytics-4-metrics/,metrics/kpi/glossary,Key Google Analytics 4 Metrics to Track in 2025 - Swydo,Key Google Analytics 4 Metrics to Track in 2025,"Learn about GA4's most important metrics—Users, Conversions, Bounce Rate—to boost client performance and demonstrate your agency's impact.",374777
swydo.com,https://www.swydo.com/blog/google-analytics-4-vs-google-search-console/,alternatives/comparisons,Google Analytics vs Google Search Console for Reports That Blow Clients Away - Swydo,Google Analytics vs Google Search Console for Reports That Blow Clients Away,Compare Google Analytics 4 vs Search Console and see how they team up for winning reports.,285384
swydo.com,https://www.swydo.com/blog/how-to-integrate-microsoft-ads-data-into-your-marketing-reports/,solution/keyword pages,How to Integrate Microsoft Ads Data into Your Marketing Reports,How to Integrate Microsoft Ads Data into Your Marketing Reports,Enhance your marketing strategy with cross-channel reporting. Learn to integrate Microsoft Ads data seamlessly. Optimize campaigns and make data-driven decisions today!,246429
swydo.com,https://www.swydo.com/blog/how-to-set-up-effective-marketing-analytics-dashboard/,solution/keyword pages,How to Set Up an Effective Marketing Analytics Dashboard in 4 Essential Steps - Swydo,How to Set Up an Effective Marketing Analytics Dashboard in 4 Essential Steps,How to set up a marketing analytics dashboard that helps you make data-driven decisions aligning with business goals? Use our 4-step plan!,248092
swydo.com,https://www.swydo.com/blog/how-to-use-automated-reporting-tools-to-create-actionable-insights/,solution/keyword pages,How To Use Automated Reporting Tools: 8 Tips To Create Actionable Insights - Swydo,How To Use Automated Reporting Tools: 8 Tips To Create Actionable Insights,Want to create the actionable insights your clients require? Here are 8 tips that help you get the most out of automated reporting tools.,249424
swydo.com,https://www.swydo.com/blog/hubspot-vs-google-analytics-4/,alternatives/comparisons,"HubSpot vs Google Analytics 4 – One Tracks Behavior, One Tracks Revenue - Swydo","HubSpot vs Google Analytics 4 – One Tracks Behavior, One Tracks Revenue",Your HubSpot and GA4 numbers will never match—and that's expected. Learn which platform to trust for each metric and how agencies should report to clients.,325209
swydo.com,https://www.swydo.com/blog/instagram-ads-metrics/,metrics/kpi/glossary,7 Most Important Instagram Ads Metrics That Drive Client Success - Swydo,7 Most Important Instagram Ads Metrics That Drive Client Success,"Know which Instagram Ad metrics drive real results, optimize campaigns effectively, and create impactful client reports that prove your value as an agency",310721
swydo.com,https://www.swydo.com/blog/instagram-organic-metrics/,metrics/kpi/glossary,Track These Instagram Organic Metrics to Turn Client Reporting & Win More Business - Swydo,Track These Instagram Organic Metrics to Turn Client Reporting & Win More Business,"Learn which Instagram organic metrics actually impact business growth. Track reach, engagement, website clicks & saves that prove ROI to agency clients.",316473
swydo.com,https://www.swydo.com/blog/klipfolio-alternatives/,alternatives/comparisons,"Best Klipfolio Alternatives Built for Marketing Agencies, Not Data Teams - Swydo","Best Klipfolio Alternatives Built for Marketing Agencies, Not Data Teams","Klipfolio's learning curve slowing you down? Compare agency-friendly alternatives like Whatagraph, AgencyAnalytics, Swydo & DashThis with real pricing.",302219
swydo.com,https://www.swydo.com/blog/kpi-vs-metric/,alternatives/comparisons,The Difference Between KPIs and Metrics and Why It Matters for Business Growth - Swydo,The Difference Between KPIs and Metrics and Why It Matters for Business Growth,Here's the difference between KPIs and metrics to drive client growth. Use the KPI Audit Framework that helps you measure what matters and build stronger client relationships.,304058
swydo.com,https://www.swydo.com/blog/looker-studio-alternatives/,alternatives/comparisons,5 Looker Studio Alternatives Marketing Agencies Should Consider - Swydo,5 Looker Studio Alternatives Marketing Agencies Should Consider,"Looker Studio offers flexible, cost-effective reports. As agencies grow, compare alternative tools with custom branding, automation and easier integration.",313931
swydo.com,https://www.swydo.com/blog/looker-studio-vs-power-bi/,alternatives/comparisons,Data Studio (Formerly Looker Studio) vs. Power BI: Which Business Intelligence Tool Fits Your Agency? - Swydo,Data Studio (Formerly Looker Studio) vs. Power BI: Which Business Intelligence Tool Fits Your Agency?,"Looker Studio vs. Power BI: Which BI tool is right for your agency? Compare features, pricing, and use cases for effective data analysis and client reporting.",308293
swydo.com,https://www.swydo.com/blog/looker-studio-vs-tableau/,alternatives/comparisons,Data Studio (Formerly Looker Studio) vs Tableau for Marketing Agencies (Real Cost Breakdown & Performance Testing) - Swydo,Data Studio (Formerly Looker Studio) vs Tableau for Marketing Agencies (Real Cost Breakdown & Performance Testing),"Skip generic BI comparisons. This agency-focused breakdown reveals which reporting tool - free Looker Studio or premium Tableau - delivers faster ROI, better client retention, and professional reports that justify your rates. Includes real cost analysis",312399
swydo.com,https://www.swydo.com/blog/marketing-analytics-dashboards-benefits/,solution/keyword pages,Marketing Analytics Dashboards: Benefits and Best Practices - Swydo,Marketing Analytics Dashboards: Benefits and Best Practices,"Discover the power of marketing analytics dashboards. Unlock insights, enhance decision-making, and boost campaign performance.",259797
swydo.com,https://www.swydo.com/blog/marketing-reporting/,solution/keyword pages,The Agency Guide to Marketing Reporting That Actually Retains Clients - Swydo,The Agency Guide to Marketing Reporting That Actually Retains Clients,"Most agency reports show data. The best ones drive decisions — and keep clients. This guide covers every report type, KPI framework, attribution mistake, and AI tool you need to report smarter in the real world.",349305
swydo.com,https://www.swydo.com/blog/monitoring-vs-reporting-digital-marketing-guide/,alternatives/comparisons,Monitoring vs. Reporting in Digital Marketing: A Simplified Guide,Monitoring vs. Reporting and Why It Matters in Marketing,"Stay ahead of the game with Swydo's monitoring tool, offering easy access to all your client KPIs and transforming data into actionable strategies.",271344
swydo.com,https://www.swydo.com/blog/okr-vs-kpi/,alternatives/comparisons,The Difference Between OKRs vs. KPIs for Marketing Agencies - Swydo,The Difference Between OKRs vs. KPIs for Marketing Agencies,Don't fall behind! Learn how leading agencies use OKRs and KPIs to achieve ambitious goals and outperform the competition.,285851
swydo.com,https://www.swydo.com/blog/oviond-alternatives/,alternatives/comparisons,9 Best Oviond Alternatives for Agencies That Actually Want to Scale in 2026 - Swydo,9 Best Oviond Alternatives for Agencies That Actually Want to Scale in 2026,"Agency-tested guide to Oviond alternatives. Compare AgencyAnalytics, Swydo, Whatagraph, and more with real pricing, integration counts, and migration timelines. No fluff, just what works.",313112
swydo.com,https://www.swydo.com/blog/parameters-vs-statistics/,alternatives/comparisons,The Marketer's Guide to Parameters and Statistics - Swydo,The Marketer’s Guide to Parameters and Statistics,"Don't rely on gut feeling! Use parameters & statistics to understand your audience, optimize campaigns, and get marketing success.",314461
swydo.com,https://www.swydo.com/blog/pinterest-ads-kpis-and-metrics-to-optimize-your-campaigns/,metrics/kpi/glossary,Pinterest Ads KPIs and Metrics to Optimize Your Campaigns - Swydo,Pinterest Ads KPIs and Metrics to Optimize Your Campaigns,Learn which Pinterest Ads Key Performance Indicators (KPIs) and metrics you need to include in your campaign reports to optimize performance.,258086
swydo.com,https://www.swydo.com/blog/ppc-dashboards-guide-for-online-marketers/,solution/keyword pages,Creating PPC Dashboards: A Guide for Online Marketers - Swydo,Creating PPC Dashboards: A Guide for Online Marketers,Leverage PPC dashboards. Track KPIs and make data-driven adjustments to optimize campaigns with actionable insights for higher ROI.,260500
swydo.com,https://www.swydo.com/blog/ppc-metrics/,metrics/kpi/glossary,17 Essential PPC Metrics That Actually Drive Profit (Not Just Vanity Numbers) - Swydo,17 Essential PPC Metrics That Actually Drive Profit (Not Just Vanity Numbers),"Discover the 17 PPC metrics that actually predict business success. Learn why ROAS fails, how to track POAS (Profit on Ad Spend), and which metrics replace traditional numbers to drive real profitability in your campaigns",323505
swydo.com,https://www.swydo.com/blog/ppc-reporting-made-easy-top-template-picks-for-marketers/,templates,PPC Reporting Made Easy: Top Template Picks for Marketers,PPC Reporting Made Easy: Top Template Picks for Marketers,"Simplify your PPC reporting process with top template picks for 2024. Discover templates that help track key metrics, streamline automation, and customize reports to fit your business needs with Swydo.",261922
swydo.com,https://www.swydo.com/blog/qualitative-vs-quantitative-data/,alternatives/comparisons,Qualitative vs. Quantitative Data & Why Data Matters to Your Marketing Agency Success - Swydo,Qualitative vs. Quantitative Data & Why Data Matters to Your Marketing Agency Success,"Learn when to use qualitative vs quantitative research and how combining both data types can boost client retention by 40-75%. Includes practical tools, methods, and analysis techniques for agencies",332048
swydo.com,https://www.swydo.com/blog/reporting-vs-analytics/,alternatives/comparisons,Why Most Agencies Get Reporting vs Analytics Wrong and Lose Clients - Swydo,Why Most Agencies Get Reporting vs Analytics Wrong and Lose Clients,"Stop burning time on manual reports. Learn how top agencies use analytics vs reporting to save 15 hours monthly, increase client retention 3x, and charge premium rates for strategic insights.",295293
swydo.com,https://www.swydo.com/blog/roas-vs-roi/,alternatives/comparisons,ROAS vs ROI: Which Metric Drives Better Agency Decisions? - Swydo,ROAS vs ROI: Which Metric Drives Better Agency Decisions?,"Stop confusing ROAS vs ROI metrics. Learn exactly when each measurement drives maximum value, optimizes campaigns, and strengthens client relationships through data-driven marketing decisions.""",349871
swydo.com,https://www.swydo.com/blog/saas-metrics/,metrics/kpi/glossary,5 SaaS Metrics Your Marketing Agency Must Track to Survive Budget Cuts - Swydo,5 SaaS Metrics Your Marketing Agency Must Track to Survive Budget Cuts,Here's the 5 SaaS-specific metrics that prove marketing ROI to your clients. Stop reporting vanity metrics and start tracking what actually matters,318315
swydo.com,https://www.swydo.com/blog/selecting-a-marketing-report-automation-tool/,solution/keyword pages,How to Select a Marketing Report Automation Tool - Swydo,How to Select a Marketing Report Automation Tool,"Discover the criteria for selecting a marketing report automation tool. Boost productivity, enhance accuracy, and drive growth efficiently.",277964
swydo.com,https://www.swydo.com/blog/seo-metrics/,metrics/kpi/glossary,10 Key SEO Metrics Marketing Agencies Must Track - Swydo,10 Key SEO Metrics Marketing Agencies Must Track,"From organic traffic and conversion rates to keyword rankings and ROI, we'll dive into the SEO metrics that demonstrate the true value of your efforts",367262
swydo.com,https://www.swydo.com/blog/seo-reports-for-clients/,solution/keyword pages,Create an SEO Reports That Prove Your Value & Keep Clients Happy - Swydo,Create an SEO Reports That Prove Your Value & Keep Clients Happy,"Create SEO reports that impress clients and boost retention. Learn how to tell a compelling story with data, prove your SEO value, and generate more leads and revenue.",316423
swydo.com,https://www.swydo.com/blog/seo-vs-ppc/,alternatives/comparisons,SEO vs. PPC? The Secret is Combining Them - Swydo,SEO vs. PPC? The Secret is Combining Them,"SEO vs. PPC? Ditch the debate! This article reveals how an integrated search strategy maximizes visibility, reduces costs, and boosts your competitive edge. Combine the power of SEO and PPC for superior results.",291102
swydo.com,https://www.swydo.com/blog/shopify-analytics-the-6-must-track-metrics-for-success/,metrics/kpi/glossary,Shopify Analytics: The 6 Must-Track Metrics for Success,Shopify Analytics: The 5 Must-Track Metrics for Success,Improve your Shopify store's performance by tracking these 6 essential metrics. Discover the key strategies to boost your conversion rates and integrate Swydo for comprehensive reporting and data-driven marketing.,253530
swydo.com,https://www.swydo.com/blog/should-marketing-agencies-charge-for-client-reports/,solution/keyword pages,Should Marketing Agencies Charge for Client Reports? - Swydo,Should Marketing Agencies Charge for Client Reports?,Examine the benefits and challenges of marketing agencies charging clients for marketing reports and various pricing strategies.,251464
swydo.com,https://www.swydo.com/blog/social-media-reporting-for-marketing-success/,solution/keyword pages,Social Media Reporting for Marketing Success - Swydo,Social Media Reporting for Marketing Success,Optimize social media results with our guide to social media reporting success. Learn key metrics to measure performance and drive growth.,255638
swydo.com,https://www.swydo.com/blog/struggling-to-scale-your-small-agencys-marketing-reporting/,solution/keyword pages,Struggling to Scale Your Small Agency’s Marketing Reporting? Here’s Your Fix,Struggling to Scale Your Small Agency’s Marketing Reporting? Here’s Your Fix,"Learn how to effortlessly scale marketing reporting for your small agency, ensuring data accuracy and saving valuable time with Swydo.",268328
swydo.com,https://www.swydo.com/blog/swydo-alternatives/,alternatives/comparisons,Swydo Alternatives That Actually Save Money in 2026 - Swydo,Swydo Alternatives That Actually Save Money in 2026,Honest comparison of Swydo alternatives with real cost scenarios. See which reporting tools save agencies money vs expensive marketing claims. Unbiased analysis.,363251
swydo.com,https://www.swydo.com/blog/swydo-vs-agencyanalytics/,alternatives/comparisons,How to Choose Between Swydo and AgencyAnalytics - Swydo,How to Choose Between Swydo and AgencyAnalytics,"Stop wasting hours on client reports. This Swydo vs. AgencyAnalytics comparison reveals the tools that'll free up your time and help you wow clients with easy-to-understand data. See which one wins and start reporting smarter, not harder.",306302
swydo.com,https://www.swydo.com/blog/swydo-vs-dashthis/,alternatives/comparisons,Swydo vs DashThis 2026 Review - Which Saves Your Agency More Time and Money - Swydo,Swydo vs DashThis 2026 Review – Which Saves Your Agency More Time and Money,"Detailed Swydo vs DashThis comparison with real pricing analysis, feature testing, and ROI calculations. See which reporting platform saves agencies 10+ hours weekly and delivers better client results. Includes free trial guides.",330967
swydo.com,https://www.swydo.com/blog/swydo-vs-looker-studio/,alternatives/comparisons,Is Swydo or Data Studio (Formerly Looker Studio) the Best Client Reporting Tool for Your Agency in 2026? - Swydo,Is Swydo or Data Studio (Formerly Looker Studio) the Best Client Reporting Tool for Your Agency in 2026?,"Choosing between Swydo & Looker Studio for 2025 agency reporting? See which tool truly saves time, boosts efficiency & avoids hidden costs. Compare now!",346649
swydo.com,https://www.swydo.com/blog/swydo-vs-whatagraph/,alternatives/comparisons,How to Choose Between Swydo and Whatagraph in 2026 - Swydo,How to Choose Between Swydo and Whatagraph in 2026,Ready to make data analysis and marketing reporting easier? Then let's compare Swydo vs. Whatagraph and analyze why Swydo is your best bet.,324599
swydo.com,https://www.swydo.com/blog/tapclicks-alternatives/,alternatives/comparisons,12 Best TapClicks Alternatives for Marketing Agencies in 2026 - Swydo,12 Best TapClicks Alternatives for Marketing Agencies in 2026,"Compare 12 TapClicks alternatives with verified pricing from $49-724/month. Find reliable data connections, white-label reports, and support that responds when dashboards fail.",300703
