domain,url,path,cluster
whatagraph.com,https://whatagraph.com/,/,home
whatagraph.com,https://whatagraph.com/about,/about,about
whatagraph.com,https://whatagraph.com/accuranker-dashboard,/accuranker-dashboard,solution/keyword pages
whatagraph.com,https://whatagraph.com/activecampaign-reporting-tool,/activecampaign-reporting-tool,solution/keyword pages
whatagraph.com,https://whatagraph.com/adroll-reporting-tool,/adroll-reporting-tool,solution/keyword pages
whatagraph.com,https://whatagraph.com/advanced-reporting-software,/advanced-reporting-software,solution/keyword pages
whatagraph.com,https://whatagraph.com/advertising-dashboard,/advertising-dashboard,solution/keyword pages
whatagraph.com,https://whatagraph.com/advertising-report,/advertising-report,advertising-report
whatagraph.com,https://whatagraph.com/affiliates,/affiliates,affiliates
whatagraph.com,https://whatagraph.com/agencies,/agencies,agencies
whatagraph.com,https://whatagraph.com/agency-analytics-reporting,/agency-analytics-reporting,agency-analytics-reporting
whatagraph.com,https://whatagraph.com/agency-dashboard,/agency-dashboard,solution/keyword pages
whatagraph.com,https://whatagraph.com/agency-hub,/agency-hub,agency-hub
whatagraph.com,https://whatagraph.com/ai-playbook-for-agencies,/ai-playbook-for-agencies,ai-playbook-for-agencies
whatagraph.com,https://whatagraph.com/ai-report-generator,/ai-report-generator,ai/agent pages
whatagraph.com,https://whatagraph.com/alternatives/adverity,/alternatives/adverity,alternatives/comparisons
whatagraph.com,https://whatagraph.com/alternatives/agency-analytics,/alternatives/agency-analytics,alternatives/comparisons
whatagraph.com,https://whatagraph.com/alternatives/cyfe,/alternatives/cyfe,alternatives/comparisons
whatagraph.com,https://whatagraph.com/alternatives/dashthis,/alternatives/dashthis,alternatives/comparisons
whatagraph.com,https://whatagraph.com/alternatives/databox,/alternatives/databox,alternatives/comparisons
whatagraph.com,https://whatagraph.com/alternatives/datorama,/alternatives/datorama,alternatives/comparisons
whatagraph.com,https://whatagraph.com/alternatives/funnel-io,/alternatives/funnel-io,alternatives/comparisons
whatagraph.com,https://whatagraph.com/alternatives/google-data-studio,/alternatives/google-data-studio,alternatives/comparisons
whatagraph.com,https://whatagraph.com/alternatives/klipfolio,/alternatives/klipfolio,alternatives/comparisons
whatagraph.com,https://whatagraph.com/alternatives/ninjacat,/alternatives/ninjacat,alternatives/comparisons
whatagraph.com,https://whatagraph.com/alternatives/reportgarden,/alternatives/reportgarden,alternatives/comparisons
whatagraph.com,https://whatagraph.com/alternatives/supermetrics,/alternatives/supermetrics,alternatives/comparisons
whatagraph.com,https://whatagraph.com/alternatives/swydo,/alternatives/swydo,alternatives/comparisons
whatagraph.com,https://whatagraph.com/alternatives/tapclicks,/alternatives/tapclicks,alternatives/comparisons
whatagraph.com,https://whatagraph.com/amazon-ads-dashboard,/amazon-ads-dashboard,solution/keyword pages
whatagraph.com,https://whatagraph.com/ambassador-program,/ambassador-program,ambassador-program
whatagraph.com,https://whatagraph.com/automated-reporting,/automated-reporting,solution/keyword pages
whatagraph.com,https://whatagraph.com/bigcommerce-dashboard,/bigcommerce-dashboard,solution/keyword pages
whatagraph.com,https://whatagraph.com/bigquery-dashboard,/bigquery-dashboard,solution/keyword pages
whatagraph.com,https://whatagraph.com/bing-ads-dashboard-reports,/bing-ads-dashboard-reports,solution/keyword pages
whatagraph.com,https://whatagraph.com/blog,/blog,blog/resources
whatagraph.com,https://whatagraph.com/blog/agency-guides,/blog/agency-guides,blog/resources
whatagraph.com,https://whatagraph.com/blog/alternatives,/blog/alternatives,alternatives/comparisons
whatagraph.com,https://whatagraph.com/blog/articles/10-whatagraph-features-that-will-make-your-life-easier,/blog/articles/10-whatagraph-features-that-will-make-your-life-easier,blog/resources
whatagraph.com,https://whatagraph.com/blog/articles/5-things-that-make-people-click-on-content,/blog/articles/5-things-that-make-people-click-on-content,blog/resources
whatagraph.com,https://whatagraph.com/blog/articles/ad-hoc-reporting,/blog/articles/ad-hoc-reporting,blog/resources
whatagraph.com,https://whatagraph.com/blog/articles/ads-manager-instagram,/blog/articles/ads-manager-instagram,blog/resources
whatagraph.com,https://whatagraph.com/blog/articles/adverity-alternatives,/blog/articles/adverity-alternatives,alternatives/comparisons
whatagraph.com,https://whatagraph.com/blog/articles/adwords-metrics,/blog/articles/adwords-metrics,metrics/kpi/glossary
whatagraph.com,https://whatagraph.com/blog/articles/agency-client-retention,/blog/articles/agency-client-retention,blog/resources
whatagraph.com,https://whatagraph.com/blog/articles/agency-metrics-kpis,/blog/articles/agency-metrics-kpis,metrics/kpi/glossary
whatagraph.com,https://whatagraph.com/blog/articles/agency-process,/blog/articles/agency-process,blog/resources
whatagraph.com,https://whatagraph.com/blog/articles/agency-reporting-tips,/blog/articles/agency-reporting-tips,solution/keyword pages
whatagraph.com,https://whatagraph.com/blog/articles/agency-vs-in-house-marketing,/blog/articles/agency-vs-in-house-marketing,alternatives/comparisons
whatagraph.com,https://whatagraph.com/blog/articles/agencyanalytics-alternatives-and-competitors,/blog/articles/agencyanalytics-alternatives-and-competitors,alternatives/comparisons
whatagraph.com,https://whatagraph.com/blog/articles/agencyanalytics-dashboard,/blog/articles/agencyanalytics-dashboard,solution/keyword pages
whatagraph.com,https://whatagraph.com/blog/articles/agencyanalytics-integrations,/blog/articles/agencyanalytics-integrations,integrations/connectors
whatagraph.com,https://whatagraph.com/blog/articles/agencyanalytics-pricing,/blog/articles/agencyanalytics-pricing,blog/resources
whatagraph.com,https://whatagraph.com/blog/articles/ai-marketing-analytics-tools,/blog/articles/ai-marketing-analytics-tools,blog/resources
whatagraph.com,https://whatagraph.com/blog/articles/ai-marketing-tools,/blog/articles/ai-marketing-tools,blog/resources
whatagraph.com,https://whatagraph.com/blog/articles/ai-report-generation,/blog/articles/ai-report-generation,ai/agent pages
whatagraph.com,https://whatagraph.com/blog/articles/ai-reporting-tools,/blog/articles/ai-reporting-tools,ai/agent pages
whatagraph.com,https://whatagraph.com/blog/articles/ai-seo-tools,/blog/articles/ai-seo-tools,blog/resources
whatagraph.com,https://whatagraph.com/blog/articles/analytical-report,/blog/articles/analytical-report,blog/resources
whatagraph.com,https://whatagraph.com/blog/articles/automated-client-reporting,/blog/articles/automated-client-reporting,solution/keyword pages
whatagraph.com,https://whatagraph.com/blog/articles/automated-reporting-tools,/blog/articles/automated-reporting-tools,solution/keyword pages
whatagraph.com,https://whatagraph.com/blog/articles/behavior-flow-chart,/blog/articles/behavior-flow-chart,blog/resources
whatagraph.com,https://whatagraph.com/blog/articles/benefits-of-real-time-reporting,/blog/articles/benefits-of-real-time-reporting,blog/resources
whatagraph.com,https://whatagraph.com/blog/articles/best-dashboard-reporting-tools,/blog/articles/best-dashboard-reporting-tools,solution/keyword pages
whatagraph.com,https://whatagraph.com/blog/articles/best-ecommerce-tools,/blog/articles/best-ecommerce-tools,blog/resources
whatagraph.com,https://whatagraph.com/blog/articles/best-marketing-analytics-tools,/blog/articles/best-marketing-analytics-tools,blog/resources
whatagraph.com,https://whatagraph.com/blog/articles/best-marketing-infographics,/blog/articles/best-marketing-infographics,blog/resources
whatagraph.com,https://whatagraph.com/blog/articles/best-saas-tools,/blog/articles/best-saas-tools,blog/resources
whatagraph.com,https://whatagraph.com/blog/articles/best-social-media-analytics-tools,/blog/articles/best-social-media-analytics-tools,blog/resources
whatagraph.com,https://whatagraph.com/blog/articles/bigquery-analytics,/blog/articles/bigquery-analytics,blog/resources
whatagraph.com,https://whatagraph.com/blog/articles/bigquery-data-types,/blog/articles/bigquery-data-types,blog/resources
whatagraph.com,https://whatagraph.com/blog/articles/bigquery-data-visualization,/blog/articles/bigquery-data-visualization,blog/resources
whatagraph.com,https://whatagraph.com/blog/articles/bigquery-pricing,/blog/articles/bigquery-pricing,blog/resources
whatagraph.com,https://whatagraph.com/blog/articles/bigquery-tutorial,/blog/articles/bigquery-tutorial,blog/resources
whatagraph.com,https://whatagraph.com/blog/articles/bing-ads-intelligence,/blog/articles/bing-ads-intelligence,blog/resources
whatagraph.com,https://whatagraph.com/blog/articles/board-report-template,/blog/articles/board-report-template,templates
whatagraph.com,https://whatagraph.com/blog/articles/brand-awareness-metrics,/blog/articles/brand-awareness-metrics,metrics/kpi/glossary
whatagraph.com,https://whatagraph.com/blog/articles/build-adroll-dashboard-reports,/blog/articles/build-adroll-dashboard-reports,solution/keyword pages
whatagraph.com,https://whatagraph.com/blog/articles/build-detailed-seo-reports,/blog/articles/build-detailed-seo-reports,solution/keyword pages
whatagraph.com,https://whatagraph.com/blog/articles/build-instagram-insights-report,/blog/articles/build-instagram-insights-report,blog/resources
whatagraph.com,https://whatagraph.com/blog/articles/build-linkedin-ads-report,/blog/articles/build-linkedin-ads-report,blog/resources
whatagraph.com,https://whatagraph.com/blog/articles/build-mailchimp-campaign-reports,/blog/articles/build-mailchimp-campaign-reports,blog/resources
whatagraph.com,https://whatagraph.com/blog/articles/build-social-media-dashboard,/blog/articles/build-social-media-dashboard,solution/keyword pages
whatagraph.com,https://whatagraph.com/blog/articles/building-trust-with-clients,/blog/articles/building-trust-with-clients,blog/resources
whatagraph.com,https://whatagraph.com/blog/articles/business-reports,/blog/articles/business-reports,blog/resources
whatagraph.com,https://whatagraph.com/blog/articles/cac-payback-period,/blog/articles/cac-payback-period,blog/resources
whatagraph.com,https://whatagraph.com/blog/articles/call-center-kpi,/blog/articles/call-center-kpi,metrics/kpi/glossary
whatagraph.com,https://whatagraph.com/blog/articles/campaign-report,/blog/articles/campaign-report,blog/resources
whatagraph.com,https://whatagraph.com/blog/articles/client-dashboard,/blog/articles/client-dashboard,solution/keyword pages
whatagraph.com,https://whatagraph.com/blog/articles/client-onboarding-best-practices,/blog/articles/client-onboarding-best-practices,blog/resources
whatagraph.com,https://whatagraph.com/blog/articles/client-reporting-tools,/blog/articles/client-reporting-tools,solution/keyword pages
whatagraph.com,https://whatagraph.com/blog/articles/client-reports,/blog/articles/client-reports,solution/keyword pages
whatagraph.com,https://whatagraph.com/blog/articles/content-customer-journey,/blog/articles/content-customer-journey,blog/resources
whatagraph.com,https://whatagraph.com/blog/articles/content-marketing-dashboard,/blog/articles/content-marketing-dashboard,solution/keyword pages
whatagraph.com,https://whatagraph.com/blog/articles/content-marketing-metrics,/blog/articles/content-marketing-metrics,metrics/kpi/glossary
whatagraph.com,https://whatagraph.com/blog/articles/cpa-facebook,/blog/articles/cpa-facebook,blog/resources
whatagraph.com,https://whatagraph.com/blog/articles/create-facebook-ads-report,/blog/articles/create-facebook-ads-report,blog/resources
whatagraph.com,https://whatagraph.com/blog/articles/create-google-sheets-dashboard,/blog/articles/create-google-sheets-dashboard,solution/keyword pages
whatagraph.com,https://whatagraph.com/blog/articles/create-local-marketing-report,/blog/articles/create-local-marketing-report,solution/keyword pages
whatagraph.com,https://whatagraph.com/blog/articles/create-youtube-analytics-report,/blog/articles/create-youtube-analytics-report,blog/resources
whatagraph.com,https://whatagraph.com/blog/articles/crm-report,/blog/articles/crm-report,blog/resources
whatagraph.com,https://whatagraph.com/blog/articles/cross-channel-marketing-platforms,/blog/articles/cross-channel-marketing-platforms,blog/resources
whatagraph.com,https://whatagraph.com/blog/articles/cross-channel-marketing-report,/blog/articles/cross-channel-marketing-report,solution/keyword pages
whatagraph.com,https://whatagraph.com/blog/articles/cyfe-alternatives-and-competitors,/blog/articles/cyfe-alternatives-and-competitors,alternatives/comparisons
whatagraph.com,https://whatagraph.com/blog/articles/dashboard-vs-report,/blog/articles/dashboard-vs-report,alternatives/comparisons
whatagraph.com,https://whatagraph.com/blog/articles/dashthis-alternatives-and-competitors,/blog/articles/dashthis-alternatives-and-competitors,alternatives/comparisons
whatagraph.com,https://whatagraph.com/blog/articles/data-aggregation,/blog/articles/data-aggregation,blog/resources
whatagraph.com,https://whatagraph.com/blog/articles/data-analytics-dashboard,/blog/articles/data-analytics-dashboard,solution/keyword pages
whatagraph.com,https://whatagraph.com/blog/articles/data-analytics-tools,/blog/articles/data-analytics-tools,blog/resources
whatagraph.com,https://whatagraph.com/blog/articles/data-blending,/blog/articles/data-blending,blog/resources
whatagraph.com,https://whatagraph.com/blog/articles/data-blending-looker-studio,/blog/articles/data-blending-looker-studio,blog/resources
whatagraph.com,https://whatagraph.com/blog/articles/data-cleaning,/blog/articles/data-cleaning,blog/resources
whatagraph.com,https://whatagraph.com/blog/articles/data-driven-marketing,/blog/articles/data-driven-marketing,blog/resources
whatagraph.com,https://whatagraph.com/blog/articles/data-ingestion,/blog/articles/data-ingestion,blog/resources
whatagraph.com,https://whatagraph.com/blog/articles/data-integration-platform,/blog/articles/data-integration-platform,integrations/connectors
whatagraph.com,https://whatagraph.com/blog/articles/data-manipulation,/blog/articles/data-manipulation,blog/resources
whatagraph.com,https://whatagraph.com/blog/articles/data-modeling-techniques,/blog/articles/data-modeling-techniques,blog/resources
whatagraph.com,https://whatagraph.com/blog/articles/data-pipeline,/blog/articles/data-pipeline,blog/resources
whatagraph.com,https://whatagraph.com/blog/articles/data-products,/blog/articles/data-products,blog/resources
whatagraph.com,https://whatagraph.com/blog/articles/data-quality-metrics,/blog/articles/data-quality-metrics,metrics/kpi/glossary
whatagraph.com,https://whatagraph.com/blog/articles/data-tracking,/blog/articles/data-tracking,blog/resources
whatagraph.com,https://whatagraph.com/blog/articles/data-transfer-release,/blog/articles/data-transfer-release,blog/resources
whatagraph.com,https://whatagraph.com/blog/articles/data-transformation-tools,/blog/articles/data-transformation-tools,blog/resources
whatagraph.com,https://whatagraph.com/blog/articles/data-visualization-tools,/blog/articles/data-visualization-tools,blog/resources
whatagraph.com,https://whatagraph.com/blog/articles/data-warehouse-challenge,/blog/articles/data-warehouse-challenge,blog/resources
whatagraph.com,https://whatagraph.com/blog/articles/data-warehouse-etl-tools,/blog/articles/data-warehouse-etl-tools,blog/resources
whatagraph.com,https://whatagraph.com/blog/articles/data-warehousing-benefits,/blog/articles/data-warehousing-benefits,blog/resources
whatagraph.com,https://whatagraph.com/blog/articles/databox-alternatives-and-competitors,/blog/articles/databox-alternatives-and-competitors,alternatives/comparisons
whatagraph.com,https://whatagraph.com/blog/articles/demonstrating-value-to-clients,/blog/articles/demonstrating-value-to-clients,blog/resources
whatagraph.com,https://whatagraph.com/blog/articles/descriptive-analytics,/blog/articles/descriptive-analytics,blog/resources
whatagraph.com,https://whatagraph.com/blog/articles/diagnostic-analytics,/blog/articles/diagnostic-analytics,blog/resources
whatagraph.com,https://whatagraph.com/blog/articles/different-types-of-media,/blog/articles/different-types-of-media,blog/resources
whatagraph.com,https://whatagraph.com/blog/articles/digital-dashboard,/blog/articles/digital-dashboard,solution/keyword pages
whatagraph.com,https://whatagraph.com/blog/articles/digital-marketing-attribution,/blog/articles/digital-marketing-attribution,blog/resources
whatagraph.com,https://whatagraph.com/blog/articles/digital-marketing-audit,/blog/articles/digital-marketing-audit,blog/resources
whatagraph.com,https://whatagraph.com/blog/articles/digital-marketing-proposal,/blog/articles/digital-marketing-proposal,blog/resources
whatagraph.com,https://whatagraph.com/blog/articles/digital-marketing-report-template,/blog/articles/digital-marketing-report-template,templates
whatagraph.com,https://whatagraph.com/blog/articles/digital-marketing-reporting,/blog/articles/digital-marketing-reporting,solution/keyword pages
whatagraph.com,https://whatagraph.com/blog/articles/digital-marketing-software,/blog/articles/digital-marketing-software,blog/resources
whatagraph.com,https://whatagraph.com/blog/articles/direct-marketing-channel,/blog/articles/direct-marketing-channel,blog/resources
whatagraph.com,https://whatagraph.com/blog/articles/direct-report,/blog/articles/direct-report,blog/resources
whatagraph.com,https://whatagraph.com/blog/articles/discrete-vs-continuous-data,/blog/articles/discrete-vs-continuous-data,alternatives/comparisons
whatagraph.com,https://whatagraph.com/blog/articles/drilldown-report,/blog/articles/drilldown-report,blog/resources
whatagraph.com,https://whatagraph.com/blog/articles/dynamic-report,/blog/articles/dynamic-report,blog/resources
whatagraph.com,https://whatagraph.com/blog/articles/ecommerce-analytics,/blog/articles/ecommerce-analytics,blog/resources
whatagraph.com,https://whatagraph.com/blog/articles/ecommerce-dashboard-examples,/blog/articles/ecommerce-dashboard-examples,solution/keyword pages
whatagraph.com,https://whatagraph.com/blog/articles/ecommerce-kpi-dashboard,/blog/articles/ecommerce-kpi-dashboard,metrics/kpi/glossary
whatagraph.com,https://whatagraph.com/blog/articles/ecommerce-kpis,/blog/articles/ecommerce-kpis,metrics/kpi/glossary
whatagraph.com,https://whatagraph.com/blog/articles/ecommerce-reporting-tools,/blog/articles/ecommerce-reporting-tools,solution/keyword pages
whatagraph.com,https://whatagraph.com/blog/articles/email-marketing-tactics,/blog/articles/email-marketing-tactics,blog/resources
whatagraph.com,https://whatagraph.com/blog/articles/end-of-quarter-reporting,/blog/articles/end-of-quarter-reporting,blog/resources
whatagraph.com,https://whatagraph.com/blog/articles/enterprise-software,/blog/articles/enterprise-software,blog/resources
whatagraph.com,https://whatagraph.com/blog/articles/etl-data-mapping,/blog/articles/etl-data-mapping,blog/resources
whatagraph.com,https://whatagraph.com/blog/articles/etl-data-migration,/blog/articles/etl-data-migration,blog/resources
whatagraph.com,https://whatagraph.com/blog/articles/etl-data-modeling,/blog/articles/etl-data-modeling,blog/resources
whatagraph.com,https://whatagraph.com/blog/articles/etl-data-transformation,/blog/articles/etl-data-transformation,blog/resources
whatagraph.com,https://whatagraph.com/blog/articles/exceeding-client-expectations,/blog/articles/exceeding-client-expectations,blog/resources
whatagraph.com,https://whatagraph.com/blog/articles/excel-alternatives,/blog/articles/excel-alternatives,alternatives/comparisons
whatagraph.com,https://whatagraph.com/blog/articles/facebook-ad-analytics,/blog/articles/facebook-ad-analytics,blog/resources
whatagraph.com,https://whatagraph.com/blog/articles/facebook-ads-metrics,/blog/articles/facebook-ads-metrics,metrics/kpi/glossary
whatagraph.com,https://whatagraph.com/blog/articles/facebook-analytics-report,/blog/articles/facebook-analytics-report,blog/resources
whatagraph.com,https://whatagraph.com/blog/articles/facebook-analytics-tools,/blog/articles/facebook-analytics-tools,blog/resources
whatagraph.com,https://whatagraph.com/blog/articles/facebook-cac,/blog/articles/facebook-cac,blog/resources
whatagraph.com,https://whatagraph.com/blog/articles/facebook-competitor-analysis,/blog/articles/facebook-competitor-analysis,blog/resources
whatagraph.com,https://whatagraph.com/blog/articles/facebook-metrics,/blog/articles/facebook-metrics,metrics/kpi/glossary
whatagraph.com,https://whatagraph.com/blog/articles/fivetran-competitors,/blog/articles/fivetran-competitors,blog/resources
whatagraph.com,https://whatagraph.com/blog/articles/funnel-io-alternatives-and-competitors,/blog/articles/funnel-io-alternatives-and-competitors,alternatives/comparisons
whatagraph.com,https://whatagraph.com/blog/articles/geckoboard-alternatives-and-competitors,/blog/articles/geckoboard-alternatives-and-competitors,alternatives/comparisons
whatagraph.com,https://whatagraph.com/blog/articles/goals-and-alerts,/blog/articles/goals-and-alerts,blog/resources
whatagraph.com,https://whatagraph.com/blog/articles/google-ads-reports-for-clients,/blog/articles/google-ads-reports-for-clients,blog/resources
whatagraph.com,https://whatagraph.com/blog/articles/google-analytics-4-api-limits,/blog/articles/google-analytics-4-api-limits,blog/resources
whatagraph.com,https://whatagraph.com/blog/articles/google-analytics-4-data-retention,/blog/articles/google-analytics-4-data-retention,blog/resources
whatagraph.com,https://whatagraph.com/blog/articles/google-analytics-4-reporting,/blog/articles/google-analytics-4-reporting,blog/resources
whatagraph.com,https://whatagraph.com/blog/articles/google-analytics-automated-reports,/blog/articles/google-analytics-automated-reports,solution/keyword pages
whatagraph.com,https://whatagraph.com/blog/articles/google-analytics-dashboards,/blog/articles/google-analytics-dashboards,solution/keyword pages
whatagraph.com,https://whatagraph.com/blog/articles/google-analytics-heat-map,/blog/articles/google-analytics-heat-map,blog/resources
whatagraph.com,https://whatagraph.com/blog/articles/google-analytics-instagram,/blog/articles/google-analytics-instagram,blog/resources
whatagraph.com,https://whatagraph.com/blog/articles/google-analytics-kpis,/blog/articles/google-analytics-kpis,metrics/kpi/glossary
whatagraph.com,https://whatagraph.com/blog/articles/google-analytics-pricing,/blog/articles/google-analytics-pricing,blog/resources
whatagraph.com,https://whatagraph.com/blog/articles/google-analytics-reports,/blog/articles/google-analytics-reports,blog/resources
whatagraph.com,https://whatagraph.com/blog/articles/google-bigquery,/blog/articles/google-bigquery,blog/resources
whatagraph.com,https://whatagraph.com/blog/articles/google-brand-account,/blog/articles/google-brand-account,blog/resources
whatagraph.com,https://whatagraph.com/blog/articles/google-data-studio-alternatives,/blog/articles/google-data-studio-alternatives,alternatives/comparisons
whatagraph.com,https://whatagraph.com/blog/articles/google-data-studio-pricing,/blog/articles/google-data-studio-pricing,blog/resources
whatagraph.com,https://whatagraph.com/blog/articles/google-data-studio-review,/blog/articles/google-data-studio-review,blog/resources
whatagraph.com,https://whatagraph.com/blog/articles/google-data-studio-support,/blog/articles/google-data-studio-support,blog/resources
whatagraph.com,https://whatagraph.com/blog/articles/google-sheets-drop-down,/blog/articles/google-sheets-drop-down,blog/resources
whatagraph.com,https://whatagraph.com/blog/articles/google-sheets-formulas,/blog/articles/google-sheets-formulas,blog/resources
whatagraph.com,https://whatagraph.com/blog/articles/how-much-time-do-people-spend-on-social-media,/blog/articles/how-much-time-do-people-spend-on-social-media,blog/resources
whatagraph.com,https://whatagraph.com/blog/articles/how-much-to-charge-for-social-media-management,/blog/articles/how-much-to-charge-for-social-media-management,blog/resources
whatagraph.com,https://whatagraph.com/blog/articles/how-to-analyze-data,/blog/articles/how-to-analyze-data,blog/resources
whatagraph.com,https://whatagraph.com/blog/articles/how-to-build-ppc-dashboard,/blog/articles/how-to-build-ppc-dashboard,solution/keyword pages
whatagraph.com,https://whatagraph.com/blog/articles/how-to-know-you-have-outgrown-looker-studio,/blog/articles/how-to-know-you-have-outgrown-looker-studio,blog/resources
whatagraph.com,https://whatagraph.com/blog/articles/how-to-make-a-graph-in-google-sheets,/blog/articles/how-to-make-a-graph-in-google-sheets,blog/resources
whatagraph.com,https://whatagraph.com/blog/articles/how-to-start-a-digital-marketing-agency,/blog/articles/how-to-start-a-digital-marketing-agency,blog/resources
whatagraph.com,https://whatagraph.com/blog/articles/how-to-track-seo-ranking,/blog/articles/how-to-track-seo-ranking,blog/resources
whatagraph.com,https://whatagraph.com/blog/articles/impressions-marketing,/blog/articles/impressions-marketing,blog/resources
whatagraph.com,https://whatagraph.com/blog/articles/improvado-competitors-and-alternatives,/blog/articles/improvado-competitors-and-alternatives,alternatives/comparisons
whatagraph.com,https://whatagraph.com/blog/articles/improve-content-engagement-rates,/blog/articles/improve-content-engagement-rates,blog/resources
whatagraph.com,https://whatagraph.com/blog/articles/instagram-analytics,/blog/articles/instagram-analytics,blog/resources
whatagraph.com,https://whatagraph.com/blog/articles/instagram-metrics,/blog/articles/instagram-metrics,metrics/kpi/glossary
whatagraph.com,https://whatagraph.com/blog/articles/instagram-tools,/blog/articles/instagram-tools,blog/resources
whatagraph.com,https://whatagraph.com/blog/articles/interactive-dashboard,/blog/articles/interactive-dashboard,solution/keyword pages
whatagraph.com,https://whatagraph.com/blog/articles/keyword-monitoring,/blog/articles/keyword-monitoring,blog/resources
whatagraph.com,https://whatagraph.com/blog/articles/klipfolio-alternatives-and-competitors,/blog/articles/klipfolio-alternatives-and-competitors,alternatives/comparisons
whatagraph.com,https://whatagraph.com/blog/articles/kpi-advertising,/blog/articles/kpi-advertising,metrics/kpi/glossary
whatagraph.com,https://whatagraph.com/blog/articles/kpi-analytics,/blog/articles/kpi-analytics,metrics/kpi/glossary
whatagraph.com,https://whatagraph.com/blog/articles/kpi-dashboard-examples,/blog/articles/kpi-dashboard-examples,metrics/kpi/glossary
whatagraph.com,https://whatagraph.com/blog/articles/kpi-dashboard-software,/blog/articles/kpi-dashboard-software,metrics/kpi/glossary
whatagraph.com,https://whatagraph.com/blog/articles/kpi-report,/blog/articles/kpi-report,metrics/kpi/glossary
whatagraph.com,https://whatagraph.com/blog/articles/kpi-tools,/blog/articles/kpi-tools,metrics/kpi/glossary
whatagraph.com,https://whatagraph.com/blog/articles/kpi-tracking,/blog/articles/kpi-tracking,metrics/kpi/glossary
whatagraph.com,https://whatagraph.com/blog/articles/kpi-vs-metric,/blog/articles/kpi-vs-metric,alternatives/comparisons
whatagraph.com,https://whatagraph.com/blog/articles/kpis-digital-marketing,/blog/articles/kpis-digital-marketing,metrics/kpi/glossary
whatagraph.com,https://whatagraph.com/blog/articles/kpis-for-email-marketing,/blog/articles/kpis-for-email-marketing,metrics/kpi/glossary
whatagraph.com,https://whatagraph.com/blog/articles/language-barrier-global-digital-advertising,/blog/articles/language-barrier-global-digital-advertising,blog/resources
whatagraph.com,https://whatagraph.com/blog/articles/lead-generation-kpis,/blog/articles/lead-generation-kpis,metrics/kpi/glossary
whatagraph.com,https://whatagraph.com/blog/articles/linkedin-post-analytics-reports,/blog/articles/linkedin-post-analytics-reports,blog/resources
whatagraph.com,https://whatagraph.com/blog/articles/looker-studio-connectors,/blog/articles/looker-studio-connectors,integrations/connectors
whatagraph.com,https://whatagraph.com/blog/articles/looker-studio-report-dashboard-examples,/blog/articles/looker-studio-report-dashboard-examples,solution/keyword pages
whatagraph.com,https://whatagraph.com/blog/articles/looker-studio-slow,/blog/articles/looker-studio-slow,blog/resources
whatagraph.com,https://whatagraph.com/blog/articles/management-dashboard,/blog/articles/management-dashboard,solution/keyword pages
whatagraph.com,https://whatagraph.com/blog/articles/management-reports,/blog/articles/management-reports,blog/resources
whatagraph.com,https://whatagraph.com/blog/articles/marketing-acronyms-list,/blog/articles/marketing-acronyms-list,blog/resources
whatagraph.com,https://whatagraph.com/blog/articles/marketing-agency-tools,/blog/articles/marketing-agency-tools,blog/resources
whatagraph.com,https://whatagraph.com/blog/articles/marketing-dashboard-examples,/blog/articles/marketing-dashboard-examples,solution/keyword pages
whatagraph.com,https://whatagraph.com/blog/articles/marketing-dashboard-software,/blog/articles/marketing-dashboard-software,solution/keyword pages
whatagraph.com,https://whatagraph.com/blog/articles/marketing-data,/blog/articles/marketing-data,blog/resources
whatagraph.com,https://whatagraph.com/blog/articles/marketing-data-analytics,/blog/articles/marketing-data-analytics,blog/resources
whatagraph.com,https://whatagraph.com/blog/articles/marketing-data-connectors,/blog/articles/marketing-data-connectors,integrations/connectors
whatagraph.com,https://whatagraph.com/blog/articles/marketing-data-platform,/blog/articles/marketing-data-platform,blog/resources
whatagraph.com,https://whatagraph.com/blog/articles/marketing-data-sources,/blog/articles/marketing-data-sources,integrations/connectors
whatagraph.com,https://whatagraph.com/blog/articles/marketing-data-transformation,/blog/articles/marketing-data-transformation,blog/resources
whatagraph.com,https://whatagraph.com/blog/articles/marketing-data-warehouse,/blog/articles/marketing-data-warehouse,blog/resources
whatagraph.com,https://whatagraph.com/blog/articles/marketing-kpi-dashboard,/blog/articles/marketing-kpi-dashboard,metrics/kpi/glossary
whatagraph.com,https://whatagraph.com/blog/articles/marketing-presentation,/blog/articles/marketing-presentation,blog/resources
whatagraph.com,https://whatagraph.com/blog/articles/marketing-report-examples,/blog/articles/marketing-report-examples,solution/keyword pages
whatagraph.com,https://whatagraph.com/blog/articles/marketing-reporting-software,/blog/articles/marketing-reporting-software,solution/keyword pages
whatagraph.com,https://whatagraph.com/blog/articles/mass-marketing-strategy,/blog/articles/mass-marketing-strategy,blog/resources
whatagraph.com,https://whatagraph.com/blog/articles/meet-performance-monitoring,/blog/articles/meet-performance-monitoring,blog/resources
whatagraph.com,https://whatagraph.com/blog/articles/monthly-marketing-report,/blog/articles/monthly-marketing-report,solution/keyword pages
whatagraph.com,https://whatagraph.com/blog/articles/new-whatagraph-features,/blog/articles/new-whatagraph-features,blog/resources
whatagraph.com,https://whatagraph.com/blog/articles/ninjacat-alternatives-and-competitors,/blog/articles/ninjacat-alternatives-and-competitors,alternatives/comparisons
whatagraph.com,https://whatagraph.com/blog/articles/okr-vs-kpi,/blog/articles/okr-vs-kpi,alternatives/comparisons
whatagraph.com,https://whatagraph.com/blog/articles/omnichannel-campaign,/blog/articles/omnichannel-campaign,blog/resources
whatagraph.com,https://whatagraph.com/blog/articles/open-source-data-visualization,/blog/articles/open-source-data-visualization,blog/resources
whatagraph.com,https://whatagraph.com/blog/articles/operational-metrics,/blog/articles/operational-metrics,metrics/kpi/glossary
whatagraph.com,https://whatagraph.com/blog/articles/password-protect-google-sheet,/blog/articles/password-protect-google-sheet,blog/resources
whatagraph.com,https://whatagraph.com/blog/articles/performance-monitoring,/blog/articles/performance-monitoring,blog/resources
whatagraph.com,https://whatagraph.com/blog/articles/ppc-data,/blog/articles/ppc-data,blog/resources
whatagraph.com,https://whatagraph.com/blog/articles/ppc-lead-generation,/blog/articles/ppc-lead-generation,blog/resources
whatagraph.com,https://whatagraph.com/blog/articles/ppc-metrics,/blog/articles/ppc-metrics,metrics/kpi/glossary
whatagraph.com,https://whatagraph.com/blog/articles/ppc-optimization,/blog/articles/ppc-optimization,blog/resources
whatagraph.com,https://whatagraph.com/blog/articles/ppc-reporting,/blog/articles/ppc-reporting,solution/keyword pages
whatagraph.com,https://whatagraph.com/blog/articles/ppc-reporting-examples,/blog/articles/ppc-reporting-examples,solution/keyword pages
whatagraph.com,https://whatagraph.com/blog/articles/ppc-reporting-tools,/blog/articles/ppc-reporting-tools,solution/keyword pages
whatagraph.com,https://whatagraph.com/blog/articles/prescriptive-analytics,/blog/articles/prescriptive-analytics,blog/resources
whatagraph.com,https://whatagraph.com/blog/articles/reach-vs-impressions,/blog/articles/reach-vs-impressions,alternatives/comparisons
whatagraph.com,https://whatagraph.com/blog/articles/report-generator,/blog/articles/report-generator,blog/resources
whatagraph.com,https://whatagraph.com/blog/articles/reportgarden-alternatives-and-competitors,/blog/articles/reportgarden-alternatives-and-competitors,alternatives/comparisons
whatagraph.com,https://whatagraph.com/blog/articles/romi-return-on-marketing-investment,/blog/articles/romi-return-on-marketing-investment,blog/resources
whatagraph.com,https://whatagraph.com/blog/articles/saas-metrics,/blog/articles/saas-metrics,metrics/kpi/glossary
whatagraph.com,https://whatagraph.com/blog/articles/sales-analysis,/blog/articles/sales-analysis,blog/resources
whatagraph.com,https://whatagraph.com/blog/articles/sales-analytics,/blog/articles/sales-analytics,blog/resources
whatagraph.com,https://whatagraph.com/blog/articles/sales-dashboard,/blog/articles/sales-dashboard,solution/keyword pages
whatagraph.com,https://whatagraph.com/blog/articles/sales-graph,/blog/articles/sales-graph,blog/resources
whatagraph.com,https://whatagraph.com/blog/articles/sales-kpis,/blog/articles/sales-kpis,metrics/kpi/glossary
whatagraph.com,https://whatagraph.com/blog/articles/sales-report,/blog/articles/sales-report,blog/resources
whatagraph.com,https://whatagraph.com/blog/articles/search-engine-ranking-report,/blog/articles/search-engine-ranking-report,blog/resources
whatagraph.com,https://whatagraph.com/blog/articles/sem-tools,/blog/articles/sem-tools,blog/resources
whatagraph.com,https://whatagraph.com/blog/articles/seo-analytics,/blog/articles/seo-analytics,blog/resources
whatagraph.com,https://whatagraph.com/blog/articles/seo-client-dashboard,/blog/articles/seo-client-dashboard,solution/keyword pages
whatagraph.com,https://whatagraph.com/blog/articles/seo-dashboard-examples,/blog/articles/seo-dashboard-examples,solution/keyword pages
whatagraph.com,https://whatagraph.com/blog/articles/seo-kpis,/blog/articles/seo-kpis,metrics/kpi/glossary
whatagraph.com,https://whatagraph.com/blog/articles/seo-reporting-tools-for-agencies,/blog/articles/seo-reporting-tools-for-agencies,solution/keyword pages
whatagraph.com,https://whatagraph.com/blog/articles/seo-roadmap,/blog/articles/seo-roadmap,blog/resources
whatagraph.com,https://whatagraph.com/blog/articles/small-advertising-agencies-nyc,/blog/articles/small-advertising-agencies-nyc,blog/resources
whatagraph.com,https://whatagraph.com/blog/articles/smart-builder-reports,/blog/articles/smart-builder-reports,blog/resources
whatagraph.com,https://whatagraph.com/blog/articles/smart-marketing,/blog/articles/smart-marketing,blog/resources
whatagraph.com,https://whatagraph.com/blog/articles/social-media-audit,/blog/articles/social-media-audit,blog/resources
whatagraph.com,https://whatagraph.com/blog/articles/social-media-data-collection,/blog/articles/social-media-data-collection,blog/resources
whatagraph.com,https://whatagraph.com/blog/articles/social-media-data-mining,/blog/articles/social-media-data-mining,blog/resources
whatagraph.com,https://whatagraph.com/blog/articles/social-media-data-visualization,/blog/articles/social-media-data-visualization,blog/resources
whatagraph.com,https://whatagraph.com/blog/articles/social-media-handles,/blog/articles/social-media-handles,blog/resources
whatagraph.com,https://whatagraph.com/blog/articles/social-media-key-performance-indicators,/blog/articles/social-media-key-performance-indicators,blog/resources
whatagraph.com,https://whatagraph.com/blog/articles/social-media-report,/blog/articles/social-media-report,solution/keyword pages
whatagraph.com,https://whatagraph.com/blog/articles/supermetrics-competitors-and-alternatives,/blog/articles/supermetrics-competitors-and-alternatives,alternatives/comparisons
whatagraph.com,https://whatagraph.com/blog/articles/supermetrics-connectors,/blog/articles/supermetrics-connectors,integrations/connectors
whatagraph.com,https://whatagraph.com/blog/articles/supermetrics-pricing,/blog/articles/supermetrics-pricing,metrics/kpi/glossary
whatagraph.com,https://whatagraph.com/blog/articles/supermetrics-review,/blog/articles/supermetrics-review,metrics/kpi/glossary
whatagraph.com,https://whatagraph.com/blog/articles/supermetrics-templates,/blog/articles/supermetrics-templates,templates
whatagraph.com,https://whatagraph.com/blog/articles/swydo-alternatives-and-competitors,/blog/articles/swydo-alternatives-and-competitors,alternatives/comparisons
whatagraph.com,https://whatagraph.com/blog/articles/t2d3,/blog/articles/t2d3,blog/resources
whatagraph.com,https://whatagraph.com/blog/articles/tableau-reporting-tools,/blog/articles/tableau-reporting-tools,solution/keyword pages
whatagraph.com,https://whatagraph.com/blog/articles/tapclicks-alternatives-and-competitors,/blog/articles/tapclicks-alternatives-and-competitors,alternatives/comparisons
whatagraph.com,https://whatagraph.com/blog/articles/test-marketing,/blog/articles/test-marketing,blog/resources
whatagraph.com,https://whatagraph.com/blog/articles/tiktok-marketing,/blog/articles/tiktok-marketing,blog/resources
whatagraph.com,https://whatagraph.com/blog/articles/tracking-pixel,/blog/articles/tracking-pixel,blog/resources
whatagraph.com,https://whatagraph.com/blog/articles/type-of-reporting,/blog/articles/type-of-reporting,blog/resources
whatagraph.com,https://whatagraph.com/blog/articles/universal-analytics-vs-google-analytics-4,/blog/articles/universal-analytics-vs-google-analytics-4,alternatives/comparisons
whatagraph.com,https://whatagraph.com/blog/articles/vanity-metrics-vs-actionable-metrics,/blog/articles/vanity-metrics-vs-actionable-metrics,alternatives/comparisons
whatagraph.com,https://whatagraph.com/blog/articles/web-analytics-dashboard-examples,/blog/articles/web-analytics-dashboard-examples,solution/keyword pages
whatagraph.com,https://whatagraph.com/blog/articles/web-analytics-reports,/blog/articles/web-analytics-reports,blog/resources
whatagraph.com,https://whatagraph.com/blog/articles/website-kpis,/blog/articles/website-kpis,metrics/kpi/glossary
whatagraph.com,https://whatagraph.com/blog/articles/weekly-marketing-reports,/blog/articles/weekly-marketing-reports,solution/keyword pages
whatagraph.com,https://whatagraph.com/blog/articles/what-does-crm-stand-for,/blog/articles/what-does-crm-stand-for,blog/resources
whatagraph.com,https://whatagraph.com/blog/articles/what-is-data-visualization,/blog/articles/what-is-data-visualization,blog/resources
whatagraph.com,https://whatagraph.com/blog/articles/what-is-raw-data,/blog/articles/what-is-raw-data,blog/resources
whatagraph.com,https://whatagraph.com/blog/articles/what-is-stackadapt,/blog/articles/what-is-stackadapt,blog/resources
whatagraph.com,https://whatagraph.com/blog/articles/what-is-supermetrics,/blog/articles/what-is-supermetrics,metrics/kpi/glossary
whatagraph.com,https://whatagraph.com/blog/articles/whatagraph-3.0,/blog/articles/whatagraph-3.0,blog/resources
whatagraph.com,https://whatagraph.com/blog/articles/whatagraph-alternatives,/blog/articles/whatagraph-alternatives,alternatives/comparisons
whatagraph.com,https://whatagraph.com/blog/articles/whatagraph-expands,/blog/articles/whatagraph-expands,blog/resources
whatagraph.com,https://whatagraph.com/blog/articles/whatagraph-integrations,/blog/articles/whatagraph-integrations,integrations/connectors
whatagraph.com,https://whatagraph.com/blog/articles/whatagraph-series-a-funding,/blog/articles/whatagraph-series-a-funding,blog/resources
whatagraph.com,https://whatagraph.com/blog/articles/whatagraph-template-library,/blog/articles/whatagraph-template-library,templates
whatagraph.com,https://whatagraph.com/blog/articles/whatagraph-vs-supermetrics,/blog/articles/whatagraph-vs-supermetrics,alternatives/comparisons
whatagraph.com,https://whatagraph.com/blog/articles/whats-one-of-the-main-benefits-of-using-ad-extensions,/blog/articles/whats-one-of-the-main-benefits-of-using-ad-extensions,blog/resources
whatagraph.com,https://whatagraph.com/blog/articles/which-kinds-of-hits-does-google-analytics-track,/blog/articles/which-kinds-of-hits-does-google-analytics-track,blog/resources
whatagraph.com,https://whatagraph.com/blog/articles/white-label-marketing-tools,/blog/articles/white-label-marketing-tools,solution/keyword pages
whatagraph.com,https://whatagraph.com/blog/articles/windsor-ai-alternatives,/blog/articles/windsor-ai-alternatives,alternatives/comparisons
whatagraph.com,https://whatagraph.com/blog/articles/windsor-ai-pricing,/blog/articles/windsor-ai-pricing,blog/resources
whatagraph.com,https://whatagraph.com/blog/articles/youtube-analytics-tools,/blog/articles/youtube-analytics-tools,blog/resources
whatagraph.com,https://whatagraph.com/blog/author/ausrine-bakasenaite,/blog/author/ausrine-bakasenaite,blog/resources
whatagraph.com,https://whatagraph.com/blog/author/auti,/blog/author/auti,blog/resources
whatagraph.com,https://whatagraph.com/blog/author/benediktas-kazlauskas,/blog/author/benediktas-kazlauskas,blog/resources
whatagraph.com,https://whatagraph.com/blog/author/brinda-gulati,/blog/author/brinda-gulati,blog/resources
whatagraph.com,https://whatagraph.com/blog/author/dominyka-vaiciunaite,/blog/author/dominyka-vaiciunaite,blog/resources
whatagraph.com,https://whatagraph.com/blog/author/elmeri-palokangas,/blog/author/elmeri-palokangas,blog/resources
whatagraph.com,https://whatagraph.com/blog/author/gintaras-baltusevicius,/blog/author/gintaras-baltusevicius,blog/resources
whatagraph.com,https://whatagraph.com/blog/author/indre-jankute-carmaciu,/blog/author/indre-jankute-carmaciu,blog/resources
whatagraph.com,https://whatagraph.com/blog/author/justas-malinauskas,/blog/author/justas-malinauskas,blog/resources
whatagraph.com,https://whatagraph.com/blog/author/krystyna-krajevskaja,/blog/author/krystyna-krajevskaja,blog/resources
whatagraph.com,https://whatagraph.com/blog/author/mile-zivkovic,/blog/author/mile-zivkovic,blog/resources
whatagraph.com,https://whatagraph.com/blog/author/mindaugas-skurvydas,/blog/author/mindaugas-skurvydas,blog/resources
whatagraph.com,https://whatagraph.com/blog/author/nick,/blog/author/nick,blog/resources
whatagraph.com,https://whatagraph.com/blog/author/nikola-gemes,/blog/author/nikola-gemes,blog/resources
whatagraph.com,https://whatagraph.com/blog/author/pam-neely,/blog/author/pam-neely,blog/resources
whatagraph.com,https://whatagraph.com/blog/author/roberta-aukstikalnyte,/blog/author/roberta-aukstikalnyte,blog/resources
whatagraph.com,https://whatagraph.com/blog/author/vytautas-pucka,/blog/author/vytautas-pucka,blog/resources
whatagraph.com,https://whatagraph.com/blog/author/yamon,/blog/author/yamon,blog/resources
whatagraph.com,https://whatagraph.com/blog/data-analytics,/blog/data-analytics,blog/resources
whatagraph.com,https://whatagraph.com/blog/kpis-and-metrics,/blog/kpis-and-metrics,metrics/kpi/glossary
whatagraph.com,https://whatagraph.com/blog/marketing-analytics-and-reporting,/blog/marketing-analytics-and-reporting,blog/resources
whatagraph.com,https://whatagraph.com/blog/product-news,/blog/product-news,blog/resources
whatagraph.com,https://whatagraph.com/book-a-call,/book-a-call,book-a-call
whatagraph.com,https://whatagraph.com/business-dashboard,/business-dashboard,solution/keyword pages
whatagraph.com,https://whatagraph.com/call-center-dashboard,/call-center-dashboard,solution/keyword pages
whatagraph.com,https://whatagraph.com/call-monitoring-software,/call-monitoring-software,call-monitoring-software
whatagraph.com,https://whatagraph.com/callrail-reporting,/callrail-reporting,callrail-reporting
whatagraph.com,https://whatagraph.com/campaign-monitor-reporting,/campaign-monitor-reporting,campaign-monitor-reporting
whatagraph.com,https://whatagraph.com/career,/career,career
whatagraph.com,https://whatagraph.com/career/customer-success,/career/customer-success,career
whatagraph.com,https://whatagraph.com/career/engineering,/career/engineering,career
whatagraph.com,https://whatagraph.com/career/finance,/career/finance,career
whatagraph.com,https://whatagraph.com/career/jobs/sdr,/career/jobs/sdr,career
whatagraph.com,https://whatagraph.com/career/marketing,/career/marketing,career
whatagraph.com,https://whatagraph.com/career/people,/career/people,career
whatagraph.com,https://whatagraph.com/career/sales,/career/sales,career
whatagraph.com,https://whatagraph.com/case-studies,/case-studies,commercial/proof
whatagraph.com,https://whatagraph.com/case-studies/33social,/case-studies/33social,commercial/proof
whatagraph.com,https://whatagraph.com/case-studies/achtzehn-grad,/case-studies/achtzehn-grad,commercial/proof
whatagraph.com,https://whatagraph.com/case-studies/ampilio,/case-studies/ampilio,commercial/proof
whatagraph.com,https://whatagraph.com/case-studies/dtch-digitals,/case-studies/dtch-digitals,commercial/proof
whatagraph.com,https://whatagraph.com/case-studies/maatwerk-online,/case-studies/maatwerk-online,commercial/proof
whatagraph.com,https://whatagraph.com/case-studies/market-solutions,/case-studies/market-solutions,commercial/proof
whatagraph.com,https://whatagraph.com/case-studies/media-maven,/case-studies/media-maven,commercial/proof
whatagraph.com,https://whatagraph.com/case-studies/peak-seven,/case-studies/peak-seven,commercial/proof
whatagraph.com,https://whatagraph.com/case-studies/rentable,/case-studies/rentable,commercial/proof
whatagraph.com,https://whatagraph.com/case-studies/swash-labs,/case-studies/swash-labs,commercial/proof
whatagraph.com,https://whatagraph.com/case-studies/uptick-marketing,/case-studies/uptick-marketing,commercial/proof
whatagraph.com,https://whatagraph.com/case-studies/wise-pirates,/case-studies/wise-pirates,commercial/proof
whatagraph.com,https://whatagraph.com/case-studies/yourfellow,/case-studies/yourfellow,commercial/proof
whatagraph.com,https://whatagraph.com/case-studies/yuzzbuzz,/case-studies/yuzzbuzz,commercial/proof
whatagraph.com,https://whatagraph.com/centro-reporting-tool,/centro-reporting-tool,solution/keyword pages
whatagraph.com,https://whatagraph.com/ceo-dashboard,/ceo-dashboard,solution/keyword pages
whatagraph.com,https://whatagraph.com/client-dashboard-software,/client-dashboard-software,solution/keyword pages
whatagraph.com,https://whatagraph.com/cmo-dashboard,/cmo-dashboard,solution/keyword pages
whatagraph.com,https://whatagraph.com/constant-contact-dashboard,/constant-contact-dashboard,solution/keyword pages
whatagraph.com,https://whatagraph.com/cookie-policy,/cookie-policy,cookie-policy
whatagraph.com,https://whatagraph.com/criteo-dashboard,/criteo-dashboard,solution/keyword pages
whatagraph.com,https://whatagraph.com/custom-dashboard,/custom-dashboard,solution/keyword pages
whatagraph.com,https://whatagraph.com/custom-reporting-software,/custom-reporting-software,solution/keyword pages
whatagraph.com,https://whatagraph.com/customer-dashboard,/customer-dashboard,solution/keyword pages
whatagraph.com,https://whatagraph.com/dashboard-builder,/dashboard-builder,solution/keyword pages
whatagraph.com,https://whatagraph.com/dashboard-creator,/dashboard-creator,solution/keyword pages
whatagraph.com,https://whatagraph.com/dashboard-examples,/dashboard-examples,solution/keyword pages
whatagraph.com,https://whatagraph.com/data-export,/data-export,data-export
whatagraph.com,https://whatagraph.com/data-hub,/data-hub,data-hub
whatagraph.com,https://whatagraph.com/data-transfer/google-bigquery,/data-transfer/google-bigquery,data-transfer
whatagraph.com,https://whatagraph.com/data-transfer/google-bigquery/facebook-ads,/data-transfer/google-bigquery/facebook-ads,data-transfer
whatagraph.com,https://whatagraph.com/data-transfer/google-bigquery/facebook-page,/data-transfer/google-bigquery/facebook-page,data-transfer
whatagraph.com,https://whatagraph.com/data-transfer/google-bigquery/google-ad-manager,/data-transfer/google-bigquery/google-ad-manager,data-transfer
whatagraph.com,https://whatagraph.com/data-transfer/google-bigquery/google-ads,/data-transfer/google-bigquery/google-ads,data-transfer
whatagraph.com,https://whatagraph.com/data-transfer/google-bigquery/google-analytics-4,/data-transfer/google-bigquery/google-analytics-4,data-transfer
whatagraph.com,https://whatagraph.com/data-transfer/google-bigquery/google-search-console,/data-transfer/google-bigquery/google-search-console,data-transfer
whatagraph.com,https://whatagraph.com/data-transfer/google-bigquery/instagram-business,/data-transfer/google-bigquery/instagram-business,data-transfer
whatagraph.com,https://whatagraph.com/data-transfer/google-bigquery/linkedin,/data-transfer/google-bigquery/linkedin,data-transfer
whatagraph.com,https://whatagraph.com/data-transfer/google-bigquery/linkedin-ads,/data-transfer/google-bigquery/linkedin-ads,data-transfer
whatagraph.com,https://whatagraph.com/data-transfer/google-bigquery/microsoft-ads,/data-transfer/google-bigquery/microsoft-ads,data-transfer
whatagraph.com,https://whatagraph.com/data-transfer/google-bigquery/snapchat-ads,/data-transfer/google-bigquery/snapchat-ads,data-transfer
whatagraph.com,https://whatagraph.com/data-transfer/google-bigquery/spotify-ads,/data-transfer/google-bigquery/spotify-ads,data-transfer
whatagraph.com,https://whatagraph.com/data-transfer/google-bigquery/tiktok-ads,/data-transfer/google-bigquery/tiktok-ads,data-transfer
whatagraph.com,https://whatagraph.com/data-transfer/google-bigquery/youtube,/data-transfer/google-bigquery/youtube,data-transfer
whatagraph.com,https://whatagraph.com/data-transfer/looker-studio,/data-transfer/looker-studio,data-transfer
whatagraph.com,https://whatagraph.com/data-visualization-dashboard,/data-visualization-dashboard,solution/keyword pages
whatagraph.com,https://whatagraph.com/digital-marketing-dashboard,/digital-marketing-dashboard,solution/keyword pages
whatagraph.com,https://whatagraph.com/drag-and-drop-report-builder,/drag-and-drop-report-builder,drag-and-drop-report-builder
whatagraph.com,https://whatagraph.com/e-commerce,/e-commerce,e-commerce
whatagraph.com,https://whatagraph.com/facebook-ads-reporting-tool,/facebook-ads-reporting-tool,solution/keyword pages
whatagraph.com,https://whatagraph.com/features,/features,features
whatagraph.com,https://whatagraph.com/financial-dashboard,/financial-dashboard,solution/keyword pages
whatagraph.com,https://whatagraph.com/free-marketing-tools,/free-marketing-tools,free-marketing-tools
whatagraph.com,https://whatagraph.com/free-marketing-tools/cpc-calculator,/free-marketing-tools/cpc-calculator,free-marketing-tools
whatagraph.com,https://whatagraph.com/free-marketing-tools/ppc-calculator,/free-marketing-tools/ppc-calculator,free-marketing-tools
whatagraph.com,https://whatagraph.com/free-marketing-tools/retainer-fee-calculator,/free-marketing-tools/retainer-fee-calculator,free-marketing-tools
whatagraph.com,https://whatagraph.com/freelance-dashboard,/freelance-dashboard,solution/keyword pages
whatagraph.com,https://whatagraph.com/global_businesses,/global_businesses,global_businesses
whatagraph.com,https://whatagraph.com/google-ads-reporting-tool,/google-ads-reporting-tool,solution/keyword pages
whatagraph.com,https://whatagraph.com/google-analytics-4-dashboard,/google-analytics-4-dashboard,solution/keyword pages
whatagraph.com,https://whatagraph.com/google-analytics-4-reporting-tool,/google-analytics-4-reporting-tool,solution/keyword pages
whatagraph.com,https://whatagraph.com/google-analytics-pdf-report,/google-analytics-pdf-report,google-analytics-pdf-report
whatagraph.com,https://whatagraph.com/google-display-and-video-360-dashboard,/google-display-and-video-360-dashboard,solution/keyword pages
whatagraph.com,https://whatagraph.com/google-my-business-reporting-tool,/google-my-business-reporting-tool,solution/keyword pages
whatagraph.com,https://whatagraph.com/google-search-ads-360-reporting-tool,/google-search-ads-360-reporting-tool,solution/keyword pages
whatagraph.com,https://whatagraph.com/google-sheets-reporting-tool,/google-sheets-reporting-tool,solution/keyword pages
whatagraph.com,https://whatagraph.com/hubspot-dashboard,/hubspot-dashboard,solution/keyword pages
whatagraph.com,https://whatagraph.com/instagram-reporting-tool,/instagram-reporting-tool,solution/keyword pages
whatagraph.com,https://whatagraph.com/integrations,/integrations,integrations/connectors
whatagraph.com,https://whatagraph.com/integrations/accuranker,/integrations/accuranker,integrations/connectors
whatagraph.com,https://whatagraph.com/integrations/activecampaign,/integrations/activecampaign,integrations/connectors
whatagraph.com,https://whatagraph.com/integrations/adform,/integrations/adform,integrations/connectors
whatagraph.com,https://whatagraph.com/integrations/adobe-analytics,/integrations/adobe-analytics,integrations/connectors
whatagraph.com,https://whatagraph.com/integrations/adroll,/integrations/adroll,integrations/connectors
whatagraph.com,https://whatagraph.com/integrations/ahrefs,/integrations/ahrefs,integrations/connectors
whatagraph.com,https://whatagraph.com/integrations/amazon-ads,/integrations/amazon-ads,integrations/connectors
whatagraph.com,https://whatagraph.com/integrations/apple-search-ads,/integrations/apple-search-ads,integrations/connectors
whatagraph.com,https://whatagraph.com/integrations/appsflyer,/integrations/appsflyer,integrations/connectors
whatagraph.com,https://whatagraph.com/integrations/basis-technologies,/integrations/basis-technologies,integrations/connectors
whatagraph.com,https://whatagraph.com/integrations/bigcommerce,/integrations/bigcommerce,integrations/connectors
whatagraph.com,https://whatagraph.com/integrations/bigquery,/integrations/bigquery,integrations/connectors
whatagraph.com,https://whatagraph.com/integrations/callrail,/integrations/callrail,integrations/connectors
whatagraph.com,https://whatagraph.com/integrations/calltrackingmetrics,/integrations/calltrackingmetrics,integrations/connectors
whatagraph.com,https://whatagraph.com/integrations/campaign-manager-360,/integrations/campaign-manager-360,integrations/connectors
whatagraph.com,https://whatagraph.com/integrations/campaign-monitor,/integrations/campaign-monitor,integrations/connectors
whatagraph.com,https://whatagraph.com/integrations/constant-contact,/integrations/constant-contact,integrations/connectors
whatagraph.com,https://whatagraph.com/integrations/criteo,/integrations/criteo,integrations/connectors
whatagraph.com,https://whatagraph.com/integrations/facebook-ads,/integrations/facebook-ads,integrations/connectors
whatagraph.com,https://whatagraph.com/integrations/facebook-lead-ads,/integrations/facebook-lead-ads,integrations/connectors
whatagraph.com,https://whatagraph.com/integrations/facebook-page,/integrations/facebook-page,integrations/connectors
whatagraph.com,https://whatagraph.com/integrations/ga4,/integrations/ga4,integrations/connectors
whatagraph.com,https://whatagraph.com/integrations/gohighlevel,/integrations/gohighlevel,integrations/connectors
whatagraph.com,https://whatagraph.com/integrations/google-ad-manager,/integrations/google-ad-manager,integrations/connectors
whatagraph.com,https://whatagraph.com/integrations/google-ads,/integrations/google-ads,integrations/connectors
whatagraph.com,https://whatagraph.com/integrations/google-display-and-video-360,/integrations/google-display-and-video-360,integrations/connectors
whatagraph.com,https://whatagraph.com/integrations/google-local-service-ads,/integrations/google-local-service-ads,integrations/connectors
whatagraph.com,https://whatagraph.com/integrations/google-my-business,/integrations/google-my-business,integrations/connectors
whatagraph.com,https://whatagraph.com/integrations/google-search-console,/integrations/google-search-console,integrations/connectors
whatagraph.com,https://whatagraph.com/integrations/google-sheets,/integrations/google-sheets,integrations/connectors
whatagraph.com,https://whatagraph.com/integrations/hubspot,/integrations/hubspot,integrations/connectors
whatagraph.com,https://whatagraph.com/integrations/instagram,/integrations/instagram,integrations/connectors
whatagraph.com,https://whatagraph.com/integrations/klaviyo,/integrations/klaviyo,integrations/connectors
whatagraph.com,https://whatagraph.com/integrations/linkedin,/integrations/linkedin,integrations/connectors
whatagraph.com,https://whatagraph.com/integrations/linkedin-ads,/integrations/linkedin-ads,integrations/connectors
whatagraph.com,https://whatagraph.com/integrations/magento,/integrations/magento,integrations/connectors
whatagraph.com,https://whatagraph.com/integrations/mailchimp,/integrations/mailchimp,integrations/connectors
whatagraph.com,https://whatagraph.com/integrations/matomo,/integrations/matomo,integrations/connectors
whatagraph.com,https://whatagraph.com/integrations/microsoft-ads,/integrations/microsoft-ads,integrations/connectors
whatagraph.com,https://whatagraph.com/integrations/pinterest-ads,/integrations/pinterest-ads,integrations/connectors
whatagraph.com,https://whatagraph.com/integrations/pinterest-organic,/integrations/pinterest-organic,integrations/connectors
whatagraph.com,https://whatagraph.com/integrations/piwik-pro,/integrations/piwik-pro,integrations/connectors
whatagraph.com,https://whatagraph.com/integrations/quora-ads,/integrations/quora-ads,integrations/connectors
whatagraph.com,https://whatagraph.com/integrations/reddit,/integrations/reddit,integrations/connectors
whatagraph.com,https://whatagraph.com/integrations/reddit-ads,/integrations/reddit-ads,integrations/connectors
whatagraph.com,https://whatagraph.com/integrations/salesforce,/integrations/salesforce,integrations/connectors
whatagraph.com,https://whatagraph.com/integrations/se-ranking,/integrations/se-ranking,integrations/connectors
whatagraph.com,https://whatagraph.com/integrations/search-ads-360,/integrations/search-ads-360,integrations/connectors
whatagraph.com,https://whatagraph.com/integrations/semrush,/integrations/semrush,integrations/connectors
whatagraph.com,https://whatagraph.com/integrations/seomonitor,/integrations/seomonitor,integrations/connectors
whatagraph.com,https://whatagraph.com/integrations/shopify,/integrations/shopify,integrations/connectors
whatagraph.com,https://whatagraph.com/integrations/simplifi,/integrations/simplifi,integrations/connectors
whatagraph.com,https://whatagraph.com/integrations/snapchat-ads,/integrations/snapchat-ads,integrations/connectors
whatagraph.com,https://whatagraph.com/integrations/spotify-ads,/integrations/spotify-ads,integrations/connectors
whatagraph.com,https://whatagraph.com/integrations/spotler-mail,/integrations/spotler-mail,integrations/connectors
whatagraph.com,https://whatagraph.com/integrations/stackadapt,/integrations/stackadapt,integrations/connectors
whatagraph.com,https://whatagraph.com/integrations/taboola,/integrations/taboola,integrations/connectors
whatagraph.com,https://whatagraph.com/integrations/tiktok,/integrations/tiktok,integrations/connectors
whatagraph.com,https://whatagraph.com/integrations/tiktok-ads,/integrations/tiktok-ads,integrations/connectors
whatagraph.com,https://whatagraph.com/integrations/trade-desk,/integrations/trade-desk,integrations/connectors
whatagraph.com,https://whatagraph.com/integrations/woocommerce,/integrations/woocommerce,integrations/connectors
whatagraph.com,https://whatagraph.com/integrations/youtube,/integrations/youtube,integrations/connectors
whatagraph.com,https://whatagraph.com/klaviyo-dashboard-for-marketing-reporting,/klaviyo-dashboard-for-marketing-reporting,solution/keyword pages
whatagraph.com,https://whatagraph.com/kpi-reporting-tool,/kpi-reporting-tool,metrics/kpi/glossary
whatagraph.com,https://whatagraph.com/linkedin-analytics-reporting,/linkedin-analytics-reporting,linkedin-analytics-reporting
whatagraph.com,https://whatagraph.com/live-dashboards,/live-dashboards,solution/keyword pages
whatagraph.com,https://whatagraph.com/local-seo-report,/local-seo-report,solution/keyword pages
whatagraph.com,https://whatagraph.com/magento-reporting-tool-and-dashboard,/magento-reporting-tool-and-dashboard,solution/keyword pages
whatagraph.com,https://whatagraph.com/marketing-annual-report,/marketing-annual-report,marketing-annual-report
whatagraph.com,https://whatagraph.com/marketing-reporting-software,/marketing-reporting-software,solution/keyword pages
whatagraph.com,https://whatagraph.com/metrics-dashboard,/metrics-dashboard,metrics/kpi/glossary
whatagraph.com,https://whatagraph.com/monitoring-dashboard,/monitoring-dashboard,solution/keyword pages
whatagraph.com,https://whatagraph.com/online-dashboard,/online-dashboard,solution/keyword pages
whatagraph.com,https://whatagraph.com/organize,/organize,organize
whatagraph.com,https://whatagraph.com/overview,/overview,overview
whatagraph.com,https://whatagraph.com/performance-dashboard,/performance-dashboard,solution/keyword pages
whatagraph.com,https://whatagraph.com/performance-monitoring,/performance-monitoring,performance-monitoring
whatagraph.com,https://whatagraph.com/pinterest-ads-dashboard,/pinterest-ads-dashboard,solution/keyword pages
whatagraph.com,https://whatagraph.com/pinterest-ads-reporting-software,/pinterest-ads-reporting-software,solution/keyword pages
whatagraph.com,https://whatagraph.com/ppc-reporting-tool,/ppc-reporting-tool,solution/keyword pages
whatagraph.com,https://whatagraph.com/pricing,/pricing,commercial/proof
whatagraph.com,https://whatagraph.com/privacy-policy,/privacy-policy,privacy-policy
whatagraph.com,https://whatagraph.com/product-tour,/product-tour,product-tour
whatagraph.com,https://whatagraph.com/real-time-dashboard,/real-time-dashboard,solution/keyword pages
whatagraph.com,https://whatagraph.com/reporting-examples,/reporting-examples,reporting-examples
whatagraph.com,https://whatagraph.com/reviews,/reviews,commercial/proof
whatagraph.com,https://whatagraph.com/reviews/adverity,/reviews/adverity,commercial/proof
whatagraph.com,https://whatagraph.com/reviews/agencyanalytics,/reviews/agencyanalytics,commercial/proof
whatagraph.com,https://whatagraph.com/reviews/cyfe,/reviews/cyfe,commercial/proof
whatagraph.com,https://whatagraph.com/reviews/dashthis,/reviews/dashthis,commercial/proof
whatagraph.com,https://whatagraph.com/reviews/databox,/reviews/databox,commercial/proof
whatagraph.com,https://whatagraph.com/reviews/fivetran,/reviews/fivetran,commercial/proof
whatagraph.com,https://whatagraph.com/reviews/funnel-io,/reviews/funnel-io,commercial/proof
whatagraph.com,https://whatagraph.com/reviews/geckoboard,/reviews/geckoboard,commercial/proof
whatagraph.com,https://whatagraph.com/reviews/improvado,/reviews/improvado,commercial/proof
whatagraph.com,https://whatagraph.com/reviews/klipfolio,/reviews/klipfolio,commercial/proof
whatagraph.com,https://whatagraph.com/reviews/looker-studio,/reviews/looker-studio,commercial/proof
whatagraph.com,https://whatagraph.com/reviews/supermetrics,/reviews/supermetrics,metrics/kpi/glossary
whatagraph.com,https://whatagraph.com/reviews/swydo,/reviews/swydo,commercial/proof
whatagraph.com,https://whatagraph.com/reviews/tapclicks,/reviews/tapclicks,commercial/proof
whatagraph.com,https://whatagraph.com/saas-dashboard,/saas-dashboard,solution/keyword pages
whatagraph.com,https://whatagraph.com/sales-performance-dashboard,/sales-performance-dashboard,solution/keyword pages
whatagraph.com,https://whatagraph.com/sales-reporting-software,/sales-reporting-software,solution/keyword pages
whatagraph.com,https://whatagraph.com/salesforce-dashboards,/salesforce-dashboards,solution/keyword pages
whatagraph.com,https://whatagraph.com/search-query-reports,/search-query-reports,search-query-reports
whatagraph.com,https://whatagraph.com/security-policy,/security-policy,security-policy
whatagraph.com,https://whatagraph.com/sem-reporting-software,/sem-reporting-software,solution/keyword pages
whatagraph.com,https://whatagraph.com/semrush-analytics-reporting-tool,/semrush-analytics-reporting-tool,solution/keyword pages
whatagraph.com,https://whatagraph.com/seo-reporting-tool,/seo-reporting-tool,solution/keyword pages
whatagraph.com,https://whatagraph.com/share,/share,share
whatagraph.com,https://whatagraph.com/shopify-dashboard,/shopify-dashboard,solution/keyword pages
whatagraph.com,https://whatagraph.com/shopify-reporting-tool,/shopify-reporting-tool,solution/keyword pages
whatagraph.com,https://whatagraph.com/simple-dashboard,/simple-dashboard,solution/keyword pages
whatagraph.com,https://whatagraph.com/simplifi-reporting-software,/simplifi-reporting-software,solution/keyword pages
whatagraph.com,https://whatagraph.com/small-business-dashboard,/small-business-dashboard,solution/keyword pages
whatagraph.com,https://whatagraph.com/snapchat-ads-dashboard,/snapchat-ads-dashboard,solution/keyword pages
whatagraph.com,https://whatagraph.com/snapchat-reporting-tool,/snapchat-reporting-tool,solution/keyword pages
whatagraph.com,https://whatagraph.com/social-media-report-tool,/social-media-report-tool,solution/keyword pages
whatagraph.com,https://whatagraph.com/spotify-ads-dashboard,/spotify-ads-dashboard,solution/keyword pages
whatagraph.com,https://whatagraph.com/startup-dashboard,/startup-dashboard,solution/keyword pages
whatagraph.com,https://whatagraph.com/templates,/templates,templates
whatagraph.com,https://whatagraph.com/templates/adroll-dashboard,/templates/adroll-dashboard,templates
whatagraph.com,https://whatagraph.com/templates/adroll-report,/templates/adroll-report,templates
whatagraph.com,https://whatagraph.com/templates/ahrefs-report,/templates/ahrefs-report,templates
whatagraph.com,https://whatagraph.com/templates/ai-for-reporting-examples,/templates/ai-for-reporting-examples,templates
whatagraph.com,https://whatagraph.com/templates/ai-report-template,/templates/ai-report-template,templates
whatagraph.com,https://whatagraph.com/templates/chatgpt-daily-report-template,/templates/chatgpt-daily-report-template,templates
whatagraph.com,https://whatagraph.com/templates/chatgpt-monthly-report-template,/templates/chatgpt-monthly-report-template,templates
whatagraph.com,https://whatagraph.com/templates/chatgpt-weekly-report-template,/templates/chatgpt-weekly-report-template,templates
whatagraph.com,https://whatagraph.com/templates/client-reporting-template,/templates/client-reporting-template,templates
whatagraph.com,https://whatagraph.com/templates/cross-channel-analytics-report,/templates/cross-channel-analytics-report,templates
whatagraph.com,https://whatagraph.com/templates/daily-report,/templates/daily-report,templates
whatagraph.com,https://whatagraph.com/templates/ecommerce-report-template,/templates/ecommerce-report-template,templates
whatagraph.com,https://whatagraph.com/templates/email-marketing-dashboard,/templates/email-marketing-dashboard,templates
whatagraph.com,https://whatagraph.com/templates/email-report,/templates/email-report,templates
whatagraph.com,https://whatagraph.com/templates/executive-report,/templates/executive-report,templates
whatagraph.com,https://whatagraph.com/templates/facebook-ads-dashboard,/templates/facebook-ads-dashboard,templates
whatagraph.com,https://whatagraph.com/templates/facebook-ads-report,/templates/facebook-ads-report,templates
whatagraph.com,https://whatagraph.com/templates/facebook-ads-report/looker-studio-facebook-ads-report-template,/templates/facebook-ads-report/looker-studio-facebook-ads-report-template,templates
whatagraph.com,https://whatagraph.com/templates/facebook-analytics-report,/templates/facebook-analytics-report,templates
whatagraph.com,https://whatagraph.com/templates/google-ads-report,/templates/google-ads-report,templates
whatagraph.com,https://whatagraph.com/templates/google-analytics-4-report,/templates/google-analytics-4-report,templates
whatagraph.com,https://whatagraph.com/templates/google-my-business-dashboard,/templates/google-my-business-dashboard,templates
whatagraph.com,https://whatagraph.com/templates/google-my-business-report,/templates/google-my-business-report,templates
whatagraph.com,https://whatagraph.com/templates/google-search-console-dashboard,/templates/google-search-console-dashboard,templates
whatagraph.com,https://whatagraph.com/templates/instagram-analytics-report,/templates/instagram-analytics-report,templates
whatagraph.com,https://whatagraph.com/templates/instagram-analytics-report/instagram-analytics-report-example,/templates/instagram-analytics-report/instagram-analytics-report-example,templates
whatagraph.com,https://whatagraph.com/templates/instagram-analytics-report/instagram-report,/templates/instagram-analytics-report/instagram-report,templates
whatagraph.com,https://whatagraph.com/templates/instagram-dashboard,/templates/instagram-dashboard,templates
whatagraph.com,https://whatagraph.com/templates/keyword-ranking-report,/templates/keyword-ranking-report,templates
whatagraph.com,https://whatagraph.com/templates/keyword-ranking-report/ranking-report-template,/templates/keyword-ranking-report/ranking-report-template,templates
whatagraph.com,https://whatagraph.com/templates/keyword-ranking-report/seo-keyword-ranking-report-template,/templates/keyword-ranking-report/seo-keyword-ranking-report-template,templates
whatagraph.com,https://whatagraph.com/templates/klaviyo-dashboard,/templates/klaviyo-dashboard,templates
whatagraph.com,https://whatagraph.com/templates/linkedin-ads-dashboard,/templates/linkedin-ads-dashboard,templates
whatagraph.com,https://whatagraph.com/templates/linkedin-ads-report,/templates/linkedin-ads-report,templates
whatagraph.com,https://whatagraph.com/templates/linkedin-dashboard,/templates/linkedin-dashboard,templates
whatagraph.com,https://whatagraph.com/templates/linkedin-report,/templates/linkedin-report,templates
whatagraph.com,https://whatagraph.com/templates/mailchimp-dashboard,/templates/mailchimp-dashboard,templates
whatagraph.com,https://whatagraph.com/templates/mailchimp-report,/templates/mailchimp-report,templates
whatagraph.com,https://whatagraph.com/templates/marketing-analytics-report,/templates/marketing-analytics-report,templates
whatagraph.com,https://whatagraph.com/templates/marketing-kpi-report-template,/templates/marketing-kpi-report-template,templates
whatagraph.com,https://whatagraph.com/templates/marketing-report-template,/templates/marketing-report-template,templates
whatagraph.com,https://whatagraph.com/templates/marketing-report-template/annual-marketing-report-template,/templates/marketing-report-template/annual-marketing-report-template,templates
whatagraph.com,https://whatagraph.com/templates/marketing-report-template/content-marketing-report-template,/templates/marketing-report-template/content-marketing-report-template,templates
whatagraph.com,https://whatagraph.com/templates/marketing-report-template/marketing-mix-report-template,/templates/marketing-report-template/marketing-mix-report-template,templates
whatagraph.com,https://whatagraph.com/templates/marketing-report-template/marketing-plan-report-template,/templates/marketing-report-template/marketing-plan-report-template,templates
whatagraph.com,https://whatagraph.com/templates/marketing-report-template/marketing-roi-report-template,/templates/marketing-report-template/marketing-roi-report-template,templates
whatagraph.com,https://whatagraph.com/templates/marketing-report-template/marketing-strategy-report-template,/templates/marketing-report-template/marketing-strategy-report-template,templates
whatagraph.com,https://whatagraph.com/templates/microsoft-ads-report,/templates/microsoft-ads-report,templates
whatagraph.com,https://whatagraph.com/templates/monthly-report,/templates/monthly-report,templates
whatagraph.com,https://whatagraph.com/templates/multi-channel-marketing-dashboard,/templates/multi-channel-marketing-dashboard,templates
whatagraph.com,https://whatagraph.com/templates/paid-ads-report-template,/templates/paid-ads-report-template,templates
whatagraph.com,https://whatagraph.com/templates/performance-report,/templates/performance-report,templates
whatagraph.com,https://whatagraph.com/templates/ppc-dashboard,/templates/ppc-dashboard,templates
whatagraph.com,https://whatagraph.com/templates/ppc-report,/templates/ppc-report,templates
whatagraph.com,https://whatagraph.com/templates/property-management-weekly-report-template,/templates/property-management-weekly-report-template,templates
whatagraph.com,https://whatagraph.com/templates/quarterly-report,/templates/quarterly-report,templates
whatagraph.com,https://whatagraph.com/templates/rank-tracker-report-template,/templates/rank-tracker-report-template,templates
whatagraph.com,https://whatagraph.com/templates/real-estate-marketing-report-template,/templates/real-estate-marketing-report-template,templates
whatagraph.com,https://whatagraph.com/templates/real-estate-marketing-report-template/real-estate-marketing-report-sample,/templates/real-estate-marketing-report-template/real-estate-marketing-report-sample,templates
whatagraph.com,https://whatagraph.com/templates/sales-calls-report,/templates/sales-calls-report,templates
whatagraph.com,https://whatagraph.com/templates/sem-report-template,/templates/sem-report-template,templates
whatagraph.com,https://whatagraph.com/templates/semrush-dashboard,/templates/semrush-dashboard,templates
whatagraph.com,https://whatagraph.com/templates/semrush-report-template,/templates/semrush-report-template,templates
whatagraph.com,https://whatagraph.com/templates/seo-dashboard,/templates/seo-dashboard,templates
whatagraph.com,https://whatagraph.com/templates/seo-report,/templates/seo-report,templates
whatagraph.com,https://whatagraph.com/templates/seo-report/best-seo-report-template-for-clients,/templates/seo-report/best-seo-report-template-for-clients,templates
whatagraph.com,https://whatagraph.com/templates/seo-report/free-seo-analysis-report-template,/templates/seo-report/free-seo-analysis-report-template,templates
whatagraph.com,https://whatagraph.com/templates/seo-report/local-seo-report-template,/templates/seo-report/local-seo-report-template,templates
whatagraph.com,https://whatagraph.com/templates/seo-report/onsite-seo-report-template,/templates/seo-report/onsite-seo-report-template,templates
whatagraph.com,https://whatagraph.com/templates/seo-report/seo-audit-report-template,/templates/seo-report/seo-audit-report-template,templates
whatagraph.com,https://whatagraph.com/templates/seo-report/the-best-seo-reporting-templates,/templates/seo-report/the-best-seo-reporting-templates,templates
whatagraph.com,https://whatagraph.com/templates/social-media-dashboard,/templates/social-media-dashboard,templates
whatagraph.com,https://whatagraph.com/templates/social-media-report,/templates/social-media-report,templates
whatagraph.com,https://whatagraph.com/templates/social-media-report/social-media-roi-report,/templates/social-media-report/social-media-roi-report,templates
whatagraph.com,https://whatagraph.com/templates/stackadapt-dashboard,/templates/stackadapt-dashboard,templates
whatagraph.com,https://whatagraph.com/templates/tiktok-ads-report,/templates/tiktok-ads-report,templates
whatagraph.com,https://whatagraph.com/templates/white-label-facebook-report-template,/templates/white-label-facebook-report-template,templates
whatagraph.com,https://whatagraph.com/templates/white-label-marketing-report-template,/templates/white-label-marketing-report-template,templates
whatagraph.com,https://whatagraph.com/templates/white-label-seo-report-template,/templates/white-label-seo-report-template,templates
whatagraph.com,https://whatagraph.com/templates/youtube-dashboard,/templates/youtube-dashboard,templates
whatagraph.com,https://whatagraph.com/templates/youtube-report,/templates/youtube-report,templates
whatagraph.com,https://whatagraph.com/terms-and-conditions,/terms-and-conditions,terms-and-conditions
whatagraph.com,https://whatagraph.com/tiktok-ads-dashboard,/tiktok-ads-dashboard,solution/keyword pages
whatagraph.com,https://whatagraph.com/tiktok-dashboard,/tiktok-dashboard,solution/keyword pages
whatagraph.com,https://whatagraph.com/tiktok-reporting-tool,/tiktok-reporting-tool,solution/keyword pages
whatagraph.com,https://whatagraph.com/visualize,/visualize,visualize
whatagraph.com,https://whatagraph.com/visualize-from-any-source,/visualize-from-any-source,visualize-from-any-source
whatagraph.com,https://whatagraph.com/web-analytics-reporting,/web-analytics-reporting,web-analytics-reporting
whatagraph.com,https://whatagraph.com/webinars,/webinars,webinars
whatagraph.com,https://whatagraph.com/webinars/3-steps-to-turn-client-marketing-reporting-into-agency-revenue,/webinars/3-steps-to-turn-client-marketing-reporting-into-agency-revenue,solution/keyword pages
whatagraph.com,https://whatagraph.com/webinars/ai-playbook-for-agencies-how-to-scale-smarter-and-save-time,/webinars/ai-playbook-for-agencies-how-to-scale-smarter-and-save-time,webinars
whatagraph.com,https://whatagraph.com/webinars/effective-client-reporting-eliminate-time-wasters-and-boost-efficiency,/webinars/effective-client-reporting-eliminate-time-wasters-and-boost-efficiency,solution/keyword pages
whatagraph.com,https://whatagraph.com/webinars/from-chaos-to-clarity-how-agencies-are-making-the-shift-to-proactive-reporting,/webinars/from-chaos-to-clarity-how-agencies-are-making-the-shift-to-proactive-reporting,webinars
whatagraph.com,https://whatagraph.com/webinars/how-to-build-an-ultimate-client-dashboard-lessons-learned-from-1-000-agencies,/webinars/how-to-build-an-ultimate-client-dashboard-lessons-learned-from-1-000-agencies,solution/keyword pages
whatagraph.com,https://whatagraph.com/webinars/how-to-maintain-efficient-marketing-data-processes,/webinars/how-to-maintain-efficient-marketing-data-processes,webinars
whatagraph.com,https://whatagraph.com/webinars/improve-marketing-data-management-increase-your-agency-s-efficiency-and-retain-more-clients,/webinars/improve-marketing-data-management-increase-your-agency-s-efficiency-and-retain-more-clients,webinars
whatagraph.com,https://whatagraph.com/webinars/marketing-agencies-client-retention-top-tips-and-mistakes-to-avoid,/webinars/marketing-agencies-client-retention-top-tips-and-mistakes-to-avoid,webinars
whatagraph.com,https://whatagraph.com/webinars/moving-from-universal-analytics-to-google-analytics-4-why-your-data-is-in-danger-and-how-to-save-it,/webinars/moving-from-universal-analytics-to-google-analytics-4-why-your-data-is-in-danger-and-how-to-save-it,webinars
whatagraph.com,https://whatagraph.com/webinars/scale-smarter-how-leading-agencies-win-with-data-insights,/webinars/scale-smarter-how-leading-agencies-win-with-data-insights,webinars
whatagraph.com,https://whatagraph.com/website-dashboard,/website-dashboard,solution/keyword pages
whatagraph.com,https://whatagraph.com/whatagraph-iq,/whatagraph-iq,whatagraph-iq
whatagraph.com,https://whatagraph.com/white-label-dashboard,/white-label-dashboard,solution/keyword pages
whatagraph.com,https://whatagraph.com/white-label-reporting-tool,/white-label-reporting-tool,solution/keyword pages
whatagraph.com,https://whatagraph.com/white-label-seo-dashboard,/white-label-seo-dashboard,solution/keyword pages
whatagraph.com,https://whatagraph.com/woocommerce-dashboard,/woocommerce-dashboard,solution/keyword pages
whatagraph.com,https://whatagraph.com/woocommerce-reporting-tool,/woocommerce-reporting-tool,solution/keyword pages
whatagraph.com,https://whatagraph.com/youtube-reporting-tool,/youtube-reporting-tool,solution/keyword pages
