url,path,cluster
https://agencyanalytics.com/,/,home
https://agencyanalytics.com/pricing,/pricing,pricing
https://agencyanalytics.com/features,/features,features
https://agencyanalytics.com/blog,/blog,blog
https://agencyanalytics.com/integrations,/integrations,integrations
https://agencyanalytics.com/solutions,/solutions,solutions
https://agencyanalytics.com/templates,/templates,templates
https://agencyanalytics.com/client-reporting-guide,/client-reporting-guide,solution/keyword pages
https://agencyanalytics.com/videos,/videos,videos
https://agencyanalytics.com/company/about,/company/about,company
https://agencyanalytics.com/company/customers,/company/customers,company
https://agencyanalytics.com/company/careers,/company/careers,company
https://agencyanalytics.com/company/newsroom,/company/newsroom,company
https://agencyanalytics.com/company/contact,/company/contact,company
https://agencyanalytics.com/company/contact/sales,/company/contact/sales,company
https://agencyanalytics.com/company/privacy,/company/privacy,company
https://agencyanalytics.com/company/terms,/company/terms,company
https://agencyanalytics.com/company/cookie-policy,/company/cookie-policy,company
https://agencyanalytics.com/help-center,/help-center,help-center
