url,cluster,title,h1,description,canonical
https://dashthis.com/google-ads-dashboard-template/,solution/keyword pages,Google Ads dashboard template | DashThis,Our Google Ads Dashboard template makes reporting easy,"Use our Google Ads Dashboard Template to track your most important ad campaign KPIs, and create beautiful and easy-to-understand reports for your clients.",https://dashthis.com/google-ads-dashboard-template/
https://dashthis.com/agency-reporting-software/,solution/keyword pages,Agency Reporting Software For Client Reports | DashThis,The Easiest Agency Reporting Software,"The easiest reporting software for agencies. Automate client reports, white-label dashboards, and save hours every month. Try free today!",https://dashthis.com/agency-reporting-software/
https://dashthis.com/brand-marketing-reporting/,solution/keyword pages,Brand Marketing Reporting and Dashboards | DashThis,The Ultimate Brand Marketing Reporting Solution,Spend less time sifting through marketing metrics and more time building your brand. DashThis is here to take the hassle out of reporting.,https://dashthis.com/brand-marketing-reporting/
https://dashthis.com/freelance-dashboard/,solution/keyword pages,Easy Freelance Dashboard for Marketing | DashThis,The Ultimate Freelance Dashboard,"Time is money. With DashThis, you'll save a ton of time creating marketing reports for your clients so you'll have more time to do what you do best.",https://dashthis.com/freelance-dashboard/
https://dashthis.com/smb-dashboard/,solution/keyword pages,Easy-to-Use SMB Dashboard & Reporting Tool | DashThis,The Ultimate SMB Dashboard,Spend less time crunching key performance indicators and more time growing your small business. DashThis makes it easy by tracking all your marketing efforts.,https://dashthis.com/smb-dashboard/
https://dashthis.com/franchise-reporting/,solution/keyword pages,The All-in-One Franchise Reporting Dashboard | DashThis,The Ultimate Franchise Reporting Software,Keep your online marketing campaigns on track and crank up the web presence of your franchise business with DashThis's franchise reporting dashboard.,https://dashthis.com/franchise-reporting/
https://dashthis.com/healthcare-reporting/,solution/keyword pages,Healthcare Reporting Dashboard | DashThis,Time-Saving Healthcare Reporting Software,Track all your online marketing campaigns and optimize the web presence of your healthcare organization with DashThis.,https://dashthis.com/healthcare-reporting/
https://dashthis.com/hospitality-dashboards/,solution/keyword pages,Hospitality Dashboards for Hoteliers And Agencies | DashThis,Top-notch reporting software for the hospitality industry,Create time-saving hospitality dashboards. Track & gather all your hotel marketing data in one easy-to-understand dashboard.,https://dashthis.com/hospitality-dashboards/
https://dashthis.com/reporting-tools-car-dealership/,solution/keyword pages,The Best Reporting Tool for Car Dealerships | DashThis,Shift your dealership reporting into high gear with DashThis,Track & gather all your car dealership marketing data in one easy-to-use reporting tool.,https://dashthis.com/reporting-tools-car-dealership/
https://dashthis.com/nonprofit-dashboard/,solution/keyword pages,The Right Nonprofit Marketing Reporting Tool | DashThis,The Ultimate Non-Profit Dashboard,"Keep your digital marketing efforts on track with our dashboard for nonprofit organizations. DashThis is powerful, simple to use, and cost effective.",https://dashthis.com/nonprofit-dashboard/
https://dashthis.com/executive-reporting-kpi-dashboard/,solution/keyword pages,Executive Reporting & KPI Dashboard | DashThis,The Ultimate Executive Reporting Tool,"Need to create digital marketing reports for your CEO, CMO or executive team? Our executive reporting tool makes your online marketing efforts a breeze.",https://dashthis.com/executive-reporting-kpi-dashboard/
https://dashthis.com/facebook-reporting-software/,solution/keyword pages,Facebook Reporting Tool & Dashboard | DashThis,All your marketing data in an automated Facebook reporting tool,"An easy-to-use Facebook reporting tool: connect all your marketing tools, create amazing dashboards, and share them easily with your clients & colleagues.",https://dashthis.com/facebook-reporting-software/
https://dashthis.com/seo-reporting-software/,solution/keyword pages,SEO Reporting Software for Agencies & Marketers | DashThis,The Best SEO Reporting Software for Marketers & Agencies,Our easy-to-use SEO reporting tool lets you create automated SEO reports with all your most important KPIs in just a few clicks. Get started for free.,https://dashthis.com/seo-reporting-software/
https://dashthis.com/social-media-reporting-tools/,solution/keyword pages,Social Media Reporting Tool & Dashboards | DashThis,Bring together all your social media reporting tools,Bring together all the data from your different social media platforms into one tool. Create great reports and dashboards easily. Start your free trial and see!,https://dashthis.com/social-media-reporting-tools/
https://dashthis.com/ppc-sem-reporting-tools/,solution/keyword pages,PPC & SEM Reporting Software | DashThis,"One system, one dashboard report, all your PPC and SEM reporting tools","Connect all your PPC & SEM tools in one automated dashboard. Track CPC, ROAS, conversions, and share polished client reports in minutes. Try free.",https://dashthis.com/ppc-sem-reporting-tools/
https://dashthis.com/marketing-reporting-software/,solution/keyword pages,Marketing Reporting Software for Agencies | DashThis,"Your new, all-in-one marketing reporting software",All-in-one marketing reporting software for digital agencies and businesses. Combine all your marketing tools into one simple system. Try it free today!,https://dashthis.com/marketing-reporting-software/
https://dashthis.com/linkedin-reporting-tool/,solution/keyword pages,The Only LinkedIn Reporting Tool You Need | DashThis,Measure your performance with our awesome LinkedIn reporting tool,"Use DashThis to keep track of your LinkedIn Pages & LinkedIn Ads analytics in a single LinkedIn reporting tool, full of your important KPIs. Try it free now!",https://dashthis.com/linkedin-reporting-tool/
https://dashthis.com/google-analytics-reporting-tool/,solution/keyword pages,The Perfect Google Analytics Reporting Tool | DashThis,Gather all your results in one Google Analytics reporting tool,Create your ideal Google Analytics report within seconds. Discover here what you should expect from your future Google Analytics reporting tool. Try it free!,https://dashthis.com/google-analytics-reporting-tool/
https://dashthis.com/ppc-reporting-tool/,solution/keyword pages,PPC Reporting Tool For Digital Agencies & Marketers | DashThis,PPC reporting tool for digital agencies & marketers,"DashThis provides digital agencies and marketers with the ultimate PPC reporting tool to create, edit, and deliver PPC reports quickly and beautifully.",https://dashthis.com/ppc-reporting-tool/
https://dashthis.com/seo-dashboard/,solution/keyword pages,Best White Label SEO Dashboard for Marketers | DashThis,Easily connect your SEO data & create awesome white label SEO dashboards,"Create white label SEO dashboards with SEO data from Google Analytics, Search Console, SEMrush, Moz, Ahrefs & more, in minutes! Start your free trial!",https://dashthis.com/seo-dashboard/
https://dashthis.com/ecommerce-reporting-tool/,solution/keyword pages,A Powerful Ecommerce Reporting Tool | DashThis,Optimize your sales with our powerful ecommerce reporting tool,"Simplify your reporting with our automated ecommerce reporting tool by gathering your data from multiples sources in a single, streamlined report. Try it free!",https://dashthis.com/ecommerce-reporting-tool/
https://dashthis.com/automated-reporting/,solution/keyword pages,Automated Reporting For Agencies & Digital Marketers | DashThis,Automated client reporting : the key to growing your digital marketing agency,"DashThis' automated reporting tool enables you to create custom marketing reports, yet automates the copy-and-pasting part of the job! Try it free today!",https://dashthis.com/automated-reporting/
https://dashthis.com/seo-reporting-tool/,solution/keyword pages,Simple SEO Reporting Tool For Agencies & Marketers | DashThis,Change the game with our SEO reporting tool,How do you know if your SEO strategy is working and actually bringing in revenue? By tracking your data with a simple SEO reporting tool like DashThis!,https://dashthis.com/seo-reporting-tool/
https://dashthis.com/dashboard-creator/,solution/keyword pages,The Best Online Dashboard Creator For Businesses | DashThis,Make awesome business dashboards with the best online dashboard creator,Generate awesome business dashboards with our easy-to-use online dashboard creator. Let DashThis automated your reporting process. Start your free trial now!,https://dashthis.com/dashboard-creator/
https://dashthis.com/facebook-ads-reporting-tool/,solution/keyword pages,Facebook Ads Reporting Tool for Marketers | DashThis,The digital agency’s favourite Facebook Ads reporting tool,Our Facebook Ads Reporting Tool enables you to simplify your social media reports to show KPIs from multiple sources in one streamlined report.,https://dashthis.com/facebook-ads-reporting-tool/
https://dashthis.com/google-adwords-reporting-tool/,solution/keyword pages,An Awesome Google AdWords Reporting Tool | DashThis,Impress your clients with an awesome Google AdWords reporting tool,"Create simple, awesome-looking AdWords reports in seconds with our automated reporting tool! Try it free today!",https://dashthis.com/google-adwords-reporting-tool/
https://dashthis.com/white-label-seo-reports/,solution/keyword pages,Automated White Label SEO Reporting Tool for Agencies | DashThis,Automated White Label SEO Reports for Agencies & Marketers,"DashThis is the automated white label SEO reporting tool built for agencies. Brand every report with your logo, colours, and domain. Try free for 14 days.",https://dashthis.com/white-label-seo-reports/
https://dashthis.com/google-data-studio-alternative/,alternatives/comparisons,All-in-One Google Data Studio Alternative | DashThis,Get a time-saving Google Data Studio Alternative,Less time on manual reporting means more time creating value for your clients... and that is how you make money in the long run!,https://dashthis.com/google-data-studio-alternative/
https://dashthis.com/seo-reporting-dashboard/,solution/keyword pages,SEO Reporting & Client Dashboard for Agencies | DashThis,SEO Reporting Dashboard for Agencies,"DashThis is an SEO reporting dashboard built for agencies. Connect Search Console, SEMrush, Ahrefs & 30+ platforms in minutes. Try free.",https://dashthis.com/seo-reporting-dashboard-for-agencies/
https://dashthis.com/google-ads-reporting-tool/,solution/keyword pages,Google Ads Reporting Tool for Agencies & Marketers | DashThis,"Simple, customizable, awesome Google Ads Reporting Tool","DashThis provides agencies and marketers with the perfect Google Ads Reporting Tool - fully customizable, with over 30+ integrations. Try it free!",https://dashthis.com/google-ads-reporting-tool/
https://dashthis.com/social-media-reporting-software/,solution/keyword pages,All-in-One Social Media Reporting Software | DashThis,Track all your social data with our social media reporting software,"DashThis gives you an easy-to-use, automated, social media reporting software to track all your data and gather it all on the same social media report!",https://dashthis.com/social-media-reporting-software/
https://dashthis.com/klipfolio-alternative/,alternatives/comparisons,Klipfolio Alternative for Agencies & Marketers | DashThis,Klipfolio Alternative for Agencies & Marketers,Switch to awesom-er reporting with DashThis: the perfect automated marketing reporting tool! Try it for free!,https://dashthis.com/klipfolio-alternative/
https://dashthis.com/geckoboard-alternative/,alternatives/comparisons,Best Geckoboard Alternative for Marketers | DashThis,Geckoboard Alternative for Agencies & Marketers,"Need client reports, not TV dashboards? Get an automated reporting tool built for agencies & marketers just like you! Try DashThis for free!",https://dashthis.com/geckoboard-alternative/
https://dashthis.com/cyfe-alternative/,alternatives/comparisons,The Perfect Cyfe Alternative For Marketers | DashThis,The perfect Cyfe Alternative for marketers & agencies,"Get the easy-to-use, good-looking automated reporting tool you were looking for! DashThis is built for agencies & marketers just like you! Try it for free!",https://dashthis.com/cyfe-alternative/
https://dashthis.com/dashthis-alternative/,alternatives/comparisons,DashThis Alternative for Marketers & Agencies,Looking for a DashThis alternative?,Looking for a DashThis alternative? DashThis is the only marketing reporting tool you’ll ever need! Start your free trial!,https://dashthis.com/dashthis-alternative/
https://dashthis.com/dashboard-template-sample/,solution/keyword pages,Dashboard Template Samples & Examples | DashThis,Save time with dashboard templates,"Get the easy-to-use, time-saving dashboard samples & templates you were looking for! Automate your marketing reports in seconds with DashThis. Try it for free!",https://dashthis.com/dashboard-template-sample/
https://dashthis.com/client-seo-reporting/,solution/keyword pages,Client SEO Reporting Tool For Agencies & Marketers | DashThis,Generate robust SEO reports for clients with just a couple of clicks,"Create SEO reports your clients will love. Gather all your SEO and marketing data in one report with DashThis, THE marketing reporting tool for agencies.",https://dashthis.com/client-seo-reporting/
https://dashthis.com/seo-analytics-reporting/,solution/keyword pages,The Perfect SEO Analytics Reporting Tool | DashThis,All your SEO analytics in one convenient dashboard,"Keep an eye on your search engine analytics so that you run an effective SEO strategy, with DashThis' all-in-one online SEO analytics reporting tool.",https://dashthis.com/seo-analytics-reporting/
https://dashthis.com/google-my-business-reporting/,solution/keyword pages,The Best Google My Business Reporting Tool | DashThis,Your new favourite Google My Business reporting tool,"With our Google My Business dashboard, you'll be able to quickly assemble all your Google My Business insights for your GMB listing.",https://dashthis.com/google-my-business-reporting/
https://dashthis.com/automated-social-media-reporting-for-clients/,solution/keyword pages,Automated social media reporting for clients | DashThis,Seamless automated social media reporting for clients,Up your reporting game with DashThis; the best automated social media reporting tool for clients.,https://dashthis.com/automated-social-media-reporting-for-clients/
https://dashthis.com/facebook-insights-reporting-tool/,solution/keyword pages,The Perfect Facebook Insights Reporting Tool | DashThis,Comprehensive Facebook Insights reporting tool,Start using an intuitive and easy-to-use Facebook Insights reporting tool today with DashThis.,https://dashthis.com/facebook-insights-reporting-tool/
https://dashthis.com/call-tracking-reporting-tool/,solution/keyword pages,Call Tracking Reporting Tool | DashThis,The perfect all-in-one call tracking reporting tool,"Track every phone number, call recordings, call source and tracking number data with a comprehensive and easy-to-use call tracking reporting tool.",https://dashthis.com/call-tracking-reporting-tool/
https://dashthis.com/supermetrics-alternative/,alternatives/comparisons,Supermetrics Alternative for Agencies & Marketers | DashThis,Supermetrics Alternative for Agencies & Marketers,"Good looking reports, unlimited users and data sources, easy-to-use interface: DashThis is the perfect Supermetrics alternative for your marketing efforts.",https://dashthis.com/supermetrics-alternative/
https://dashthis.com/youtube-analytics-reporting-tool/,solution/keyword pages,Youtube Analytics & Reporting Tool | DashThis,Track your video analytics with an all-in-one Youtube analytics & reporting tool,"Use a reporting tool that will help you track all your Youtube analytics and all your other social media content all at the same place, in no time.",https://dashthis.com/youtube-analytics-reporting-tool/
https://dashthis.com/email-marketing-reporting-tool/,solution/keyword pages,Get a Complete Email Marketing Reporting Tool | DashThis,Get a complete email marketing reporting tool,Why have all your email marketing data dispersed in numerous marketing platforms when you can track everything automatically in one good-looking email report.,https://dashthis.com/email-marketing-reporting-tool/
https://dashthis.com/instagram-reporting-tool/,solution/keyword pages,Instagram Reporting Tool for Marketers & Agencies | DashThis,The best Instagram reporting tool for your Instagram analytics,Track your entire social media marketing strategy and see at a glance how your marketing campaigns are going with an automated Instagram reporting tool.,https://dashthis.com/instagram-reporting-tool/
https://dashthis.com/organic-search-reporting-tool/,solution/keyword pages,Organic Search Reporting Tool | DashThis,The ultimate all-in-one organic search reporting tool,"All your SEO & marketing data in a simple, automated organic search reporting tool, our time-saving report is for you, agencies and SEO specialists alike!",https://dashthis.com/organic-search-reporting-tool/
https://dashthis.com/linkedin-ads-reporting-tool/,solution/keyword pages,All-in-One LinkedIn Ads Reporting Tool | DashThis,Up your ROI with a LinkedIn Ads reporting tool,"Use DashThis to keep track of your LinkedIn Ads analytics in a single LinkedIn reporting tool, full of all your important KPIs. Try it free now!",https://dashthis.com/linkedin-ads-reporting-tool/
https://dashthis.com/online-reporting-tool/,solution/keyword pages,Online Reporting Tool for Agencies & Businesses | DashThis,All your marketing data in an automated online reporting tool,"All your online marketing data in a simple, automated online reporting tool, our time-saving report is for you, agencies and online marketing specialists alike!",https://dashthis.com/online-reporting-tool/
https://dashthis.com/metrics-reporting-tool/,solution/keyword pages,Metrics Reporting Tool for Agencies & Businesses | DashThis,A customizable and easy-to-use metrics reporting tool,Track all your most important KPIs instantly with a custom and easy-to-use metrics reporting tool!,https://dashthis.com/metrics-reporting-tool/
https://dashthis.com/linkedin-analytics-reporting-tool/,solution/keyword pages,Awesome Linkedin Analytics Reporting Tool | DashThis,The only LinkedIn Analytics reporting tool you'll need,"Use DashThis to keep track of your LinkedIn analytics in a single LinkedIn reporting tool, full of your important KPIs. Try it free now!",https://dashthis.com/linkedin-analytics-reporting-tool/
https://dashthis.com/ninjacat-alternative/,alternatives/comparisons,Ninjacat Alternative for Agencies & Marketers | DashThis,Ninjacat alternative for agencies & marketers,"Good looking reports, unlimited users, easy-to-use interface: DashThis is the perfect Ninjacat alternative for your marketing agency. Try it for free!",https://dashthis.com/ninjacat-alternative/
https://dashthis.com/databox-alternative/,alternatives/comparisons,Databox Alternative for Agencies & Marketers | DashThis,Databox alternative for agencies & marketers,Need an easy-to-use automated tool with great support and multiple time-saving features? DashThis is the perfect Databox alternative for your marketing agency.,https://dashthis.com/databox-alternative/
https://dashthis.com/whatagraph-alternative/,alternatives/comparisons,Whatagraph Alternative for Agencies & Marketers | DashThis,Whatagraph alternative for agencies & marketers,"The better for your buck Whatagraph alternative is waiting for you: DashThis provides good-looking reports, unlimited integrations, and an easy-to-use interface",https://dashthis.com/whatagraph-alternative/
https://dashthis.com/octoboard-alternative/,alternatives/comparisons,Octoboard Alternative for Agencies & Marketers | DashThis,Octoboard alternative for agencies & marketers,"Good looking reports, unlimited users, easy-to-use interface: DashThis is the perfect Octoboard alternative for your marketing agency. Try it for free!",https://dashthis.com/octoboard-alternative/
https://dashthis.com/swydo-alternative/,alternatives/comparisons,Swydo Alternative for Agencies & Marketers | DashThis,Swydo Alternative for Agencies & Marketers,"With good looking reports, 30+ data sources available and unlimited users, DashThis is the perfect Swydo alternative for your marketing agency. Try it free.",https://dashthis.com/swydo-alternative/
https://dashthis.com/tapclicks-alternative/,alternatives/comparisons,TapClicks Alternative for Agencies & Marketers | DashThis,TapClicks Alternative for Agencies & Marketers,"Good looking and easy-to-use reports, unlimited users, no IT specialist needed: The TapClicks alternative you are looking for is right here! Try DashThis today!",https://dashthis.com/tapclicks-alternative/
https://dashthis.com/agency-analytics-alternative/,alternatives/comparisons,Agency Analytics Alternative for Agencies & Marketers | DashThis,Agency Analytics Alternative for Agencies & Marketers,"Good looking reports, unlimited users, easy-to-use interface: DashThis is the perfect Agency Analytics alternative for your marketing agency.",https://dashthis.com/agency-analytics-alternative/
https://dashthis.com/website-reporting/,solution/keyword pages,Website Reporting Tool for Agencies & Marketers | DashThis,Website reporting has never been easier,Need to create a clear and concise website report for your team and clients? DashThis is the easy-to-use website reporting tool for you!,https://dashthis.com/website-reporting/
https://dashthis.com/campaign-reporting/,solution/keyword pages,Campaign Reporting Tool for Agencies & Marketers | DashThis,Campaign reporting the easy way,Need to create a clear and concise campaign report for your team and clients? DashThis is the easy-to-use campaign reporting tool for you!,https://dashthis.com/campaign-reporting/
https://dashthis.com/black-friday-reporting-tool/,solution/keyword pages,Black Friday Reporting Tool | DashThis,Create your Black Friday reports in just 5 minutes!,"Use our reporting tool to track your most important KPIs, and send clear, concise, and engaging reports to your clients.",https://dashthis.com/black-friday-reporting-tool/
https://dashthis.com/white-label/,solution/keyword pages,White Label Reporting Tool & Dashboard | DashThis,Get perfect digital marketing white label dashboards!,"DashThis provides agencies & marketers with the perfect white label dashboards: fully customizable, with 34+ integrations. Automate your client reporting now!",https://dashthis.com/white-label/
https://dashthis.com/ga4-report-and-dashboard/,solution/keyword pages,GA4 Report And Dashboard - Automated & Easy-to-use,Get your own GA4 reports & dashboards in seconds,DashThis is an easy-to-use analytics report software for marketers & agencies that lets you track all your website data in seconds. Try it free today!,https://dashthis.com/ga4-report-and-dashboard/
https://dashthis.com/looker-studio-alternative/,alternatives/comparisons,All-in-One Looker Studio Alternative | DashThis,Get a time-saving Looker Studio alternative,"Looker studio is a widely used reporting and bi tool, but it has its limitations. Learn how it matches up to Dashthis in this comprehensive guide",https://dashthis.com/looker-studio-alternative/
https://dashthis.com/pinterest-ads-reporting-tool/,solution/keyword pages,Pinterest Ads Reporting Tool: Track and Automate Your Campaign Insights,Pinterest Ads Reporting Tool,Simplify your Pinterest ads reporting with DashThis! Create automated dashboards and visualize key Pinterest KPIs in seconds.,https://dashthis.com/pinterest-ads-reporting-tool/
https://dashthis.com/reddit-ads-reporting-tool/,solution/keyword pages,Reddit Ads Reporting Tool For Marketers | DashThis,All your marketing data in an automated Reddit Ads reporting tool,Looking for a Reddit ads reporting tool? Automate your reporting and simplify your data analysis with DashThis,https://dashthis.com/reddit-ads-reporting-tool/
https://dashthis.com/tiktok-reporting-tool/,solution/keyword pages,Best TikTok Reporting Tool For Marketing Teams | DashThis,Save 10+ hours monthly with automated TikTok reporting for busy marketing agencies,Your all-in-one TikTok reporting tool that handles the manual work while you focus on what matters: growing your clients' social presence.,https://dashthis.com/tiktok-reporting-tool/
https://dashthis.com/dashboard-examples/,solution/keyword pages,55+ Performance Dashboard Examples for Inspiration,Performance Dashboard Examples for Professionals,"These performance dashboard examples show you what KPIs and integrations you should be tracking, and how best to visualize your data beautifully and clearly.",https://dashthis.com/dashboard-examples/
https://dashthis.com/google-analytics-dashboard/,solution/keyword pages,"Google Analytics Dashboards - Custom, Automated & Easy-to-use","Awesome, custom, automated & easy-to-use Google Analytics dashboard","DashThis is an easy-to-use digital dashboard software for marketers & agencies. We deliver over 20,000 dashboards every month! Try it free today!",https://dashthis.com/google-analytics-reporting-tool/
https://dashthis.com/ecommerce-dashboard/,solution/keyword pages,Easy-to-use Ecommerce Dashboard For Marketers | DashThis,Unify your business data in one simple ecommerce dashboard,"DashThis is the power behind 20,000 ecommerce dashboards for businesses and agencies. Start a free trial now and enjoy better dashboards!",https://dashthis.com/ecommerce-dashboard/
https://dashthis.com/facebook-dashboards/,solution/keyword pages,Facebook Dashboards | DashThis,Automated Facebook dashboard for campaigns & page insights,An easy-to-use Facebook dashboard software. Connect all your marketing tools and create amazing dashboards.,https://dashthis.com/facebook-reporting-software/
https://dashthis.com/client-dashboards/,solution/keyword pages,Client Dashboards For Agencies & Digital Marketers | DashThis,Deliver the most awesome client dashboards,"When clients need dashboards to showcase the company’s data, they better be the best client dashboards they’ve ever seen. That's where DashThis comes in!",https://dashthis.com/client-dashboards/
https://dashthis.com/marketing-dashboard/,solution/keyword pages,The Best Marketing Dashboards For Agencies | DashThis,Marketing Dashboard,"Combine data from across multiple marketing channels into one single analytics platform with a complete marketing dashboard,",https://dashthis.com/marketing-dashboard/
https://dashthis.com/kpi-dashboard/,solution/keyword pages,KPI Dashboard Software for Marketing Agencies | DashThis,KPI dashboard software for digital agencies & marketers,"Creating a useful and clear KPI dashboard doesn't need to be a pain! In fact, with DashThis, it's quite the opposite! Start your free trial now!",https://dashthis.com/kpi-dashboard/
https://dashthis.com/performance-dashboard/,solution/keyword pages,Performance Dashboard for Digital Marketing | DashThis,Track your most important KPIs in an awesome performance dashboard,Want to display your most important metrics and KPIs in one performance dashboard? We’ve got you covered. See for yourself with our 15-day free trial!,https://dashthis.com/performance-dashboard/
https://dashthis.com/digital-dashboard/,solution/keyword pages,Digital Dashboard Software For Marketing Agencies | DashThis,Digital dashboard software for marketers & agencies,"DashThis is an easy-to-use digital dashboard software for marketers & agencies. We deliver over 20,000 dashboards every month! Try it free today!",https://dashthis.com/digital-dashboard/
https://dashthis.com/agency-dashboard/,solution/keyword pages,Agency Dashboard for all your marketing data | DashThis,Agency dashboard for all your marketing data,"DashThis is the perfect agency marketing dashboard tool - fully customizable, with over 30+ integrations. Automate your agency’s reporting process today!",https://dashthis.com/agency-dashboard/
https://dashthis.com/data-dashboard/,solution/keyword pages,Data Dashboard Software for Marketing Agencies | DashThis,A simple and easy-to-use data dashboard,Looking for a tool to help you create awesome dashboards with your own data? We’ve got the data dashboard solution you’re looking for. Try it free now!,https://dashthis.com/data-dashboard/
https://dashthis.com/reporting-dashboard/,solution/keyword pages,Reporting Dashboard for Agencies and Marketers | DashThis,Reporting dashboard for agencies & marketers,DashThis is a reporting dashboard solution helping agencies and marketers from all around the globe deliver awesome dashboards to their clients. Give us a try!,https://dashthis.com/reporting-dashboard/
https://dashthis.com/analytical-dashboard/,solution/keyword pages,What to expect from your analytical dashboard | DashThis,Do the right thing for your analytical dashboard,Need to create a good-looking analytical dashboard for your clients? DashThis is here to automate the process and do the heavy lifting for you! Try it free!,https://dashthis.com/analytical-dashboard/
https://dashthis.com/online-marketing-dashboards/,solution/keyword pages,Online Marketing Dashboards for Agencies| DashThis,Get your own online marketing dashboard,Need to create good-looking online dashboards for your clients? Connect your digital marketing platforms and let DashThis do the rest. Try it free!,https://dashthis.com/online-marketing-dashboards/
https://dashthis.com/digital-marketing-dashboard/,solution/keyword pages,Best Automated Digital Marketing Dashboard | DashThis,Digital Marketing Dashboard,"A digital marketing dashboard is an agency's way of displaying the value of their work in real time through KPIs, metrics, and beautiful data visualization.",https://dashthis.com/digital-marketing-dashboard/
https://dashthis.com/seo-dashboard-example/,solution/keyword pages,Get The Perfect All-In-One SEO Dashboard | DashThis,Get The Perfect All-In-One SEO Dashboard,Demonstrate the value of your hard work with a great SEO Dashboard that shows your clients how well your search engine optimization strategies are working.,https://dashthis.com/seo-dashboard-example/
https://dashthis.com/google-analytics-seo-dashboard/,solution/keyword pages,The Perfect Google Analytics SEO Dashboard | DashThis,Google Analytics SEO Dashboard,Set up a Google Analytics SEO dashboard with DashThis to automatically bring all of the most important SEO metrics to the surface in a visually stunning format.,https://dashthis.com/google-analytics-seo-dashboard/
https://dashthis.com/monitoring-dashboard/,solution/keyword pages,Monitoring Dashboard for Digital Marketing | DashThis,Monitoring Dashboard,Easily and effectively monitor all your digital marketing channels in no time with the perfect monitoring dashboard for digital marketers and agencies.,https://dashthis.com/monitoring-dashboard/
https://dashthis.com/ceo-dashboard/,solution/keyword pages,The Perfect CEO Dashboard for Executives | DashThis,CEO Dashboard,"With a CEO dashboard, your CEO or manager can easily track business performance and see only the high-level digital marketing and sales data they need.",https://dashthis.com/ceo-dashboard/
https://dashthis.com/instagram-business-analytics-dashboard/,solution/keyword pages,Instagram Business Analytics Dashboard | DashThis,Instagram Business Analytics Dashboard,A great Instragram business analytics dashboard lets you visualize all your Instagram analytics for your business' Instagram account in one convenient spot.,https://dashthis.com/instagram-business-analytics-dashboard/
https://dashthis.com/executive-dashboard/,solution/keyword pages,Executive Dashboard for Digital Marketing | DashThis,Executive Dashboard,Give your managers or executives the high-level view of the digital marketing data they want with an executive dashboard specifically crafted for them.,https://dashthis.com/executive-dashboard/
https://dashthis.com/small-business-dashboard/,solution/keyword pages,All-in-one Small Business Dashboard | DashThis,Small Business Dashboard,A small business dashboard is an all-in-one dashboard that helps you grow your small business by allowing you to track all your most important KPIs,https://dashthis.com/small-business-dashboard/
https://dashthis.com/google-analytics-kpi-dashboard/,solution/keyword pages,The Perfect Google Analytics KPI Dashboard | DashThis,Google Analytics KPI Dashboard,A Google Analytics KPI dashboard enables you to easily track and report on all your Google Analytics data in one convenient automated dashboard.,https://dashthis.com/google-analytics-kpi-dashboard/
https://dashthis.com/customer-dashboard/,solution/keyword pages,The Perfect All-in-One Customer Dashboard | DashThis,Customer Dashboard,A customer dashboard lets you easily gather and visualize customer data from multiple channels for your online store or ecommerce site.,https://dashthis.com/customer-dashboard/
https://dashthis.com/dashboard-report/,solution/keyword pages,The Best Possible Marketing Dashboard Report | DashThis,The Best Possible Marketing Dashboard Report,Get your own easy-to-use dashboard report to quickly see all your important marketing key performance indicators all in one place.,https://dashthis.com/dashboard-report/
https://dashthis.com/simple-dashboard/,solution/keyword pages,Create a Simple Dashboard For Your Marketing | DashThis,Create a Simple Dashboard For Your Marketing,"With a user-friendly design, DashThis offers simple dashboards and templates enabling you to combine data from multiple marketing platforms in a breeze.",https://dashthis.com/simple-dashboard/
https://dashthis.com/social-media-dashboard/,solution/keyword pages,The All-in-One Social Media Dashboard to Use | DashThis,Social Media Dashboard,"Track your social media performance, optimize your social campaigns, and show your social media strategy results with the use of a social media dashboard.",https://dashthis.com/social-media-dashboard/
https://dashthis.com/email-marketing-dashboard/,solution/keyword pages,Easy Email Marketing Dashboard for Marketers | DashThis,Email marketing dashboard,An email marketing dashboard displays key metrics. This allows you to see the Return on Investment (ROI) of your email campaigns.,https://dashthis.com/email-marketing-dashboard/
https://dashthis.com/google-analytics-social-media-dashboard/,solution/keyword pages,Google Analytics Social Media Dashboard | DashThis,Google Analytics Social Media Dashboard,Get your social media platforms and your website working together with our easy to use Google Analytics social media dashboard. Try it with your data today.,https://dashthis.com/google-analytics-social-media-dashboard/
https://dashthis.com/advertising-campaign-dashboard/,solution/keyword pages,A Complete Advertising Campaign Dashboard | DashThis,Advertising Campaign Dashboard,Our advertising campaign dashboard enables marketers to combine data from across multiple marketing channels into one single automated platform.,https://dashthis.com/advertising-campaign-dashboard/
https://dashthis.com/google-analytics-ppc-dashboard/,solution/keyword pages,A Complete Google Analytics PPC dashboard | DashThis,Google Analytics PPC dashboard,"As a marketer, you need to track every one of your key metrics for your pay-per-click campaigns, and it's easy with our Google Analytics PPC dashboard.",https://dashthis.com/google-analytics-ppc-dashboard/
https://dashthis.com/google-my-business-agency-dashboard/,solution/keyword pages,The Best Google My Business Agency Dashboard | DashThis,Google My Business Agency Dashboard,"A Google My Business dashboard is an all-in-one dashboard that helps you track all your GMB key performance indicators, spot trends and much more.",https://dashthis.com/google-my-business-agency-dashboard/
https://dashthis.com/business-dashboard/,solution/keyword pages,The Best Business Dashboard for Executives | DashThis,Business dashboard,A business dashboard enables business owners and executives to combine data from across multiple operations channels into one single platform.,https://dashthis.com/business-dashboard/
https://dashthis.com/metrics-dashboard/,solution/keyword pages,The Only Metrics Dashboard You'll Ever Need | DashThis,The Only Metrics Dashboard You'll Ever Need!,"With a real-time metrics dashboard, you can improve your high-level decision making process by tracking your business performance across multiple channels.",https://dashthis.com/metrics-dashboard/
https://dashthis.com/website-analytics-dashboard/,solution/keyword pages,Website Analytics Dashboard for Marketers | DashThis,Website analytics dashboard,"Track your web analytics KPIs and monitor your business' performance, all with a clear, concise, and beautiful web analytics dashboard.",https://dashthis.com/website-analytics-dashboard/
https://dashthis.com/web-reporting/,solution/keyword pages,The Best Web Reporting Tool For Marketers | DashThis,The Best Web Reporting Tool For Marketers,"DashThis is a web reporting tool that lets you track, visualize and report on your web-based marketing. Track all your website data in seconds with DashThis.",https://dashthis.com/web-reporting/
https://dashthis.com/linkedin-dashboard/,solution/keyword pages,LinkedIn Dashboard for Marketers & Agencies | DashThis,A LinkedIn dashboard template for marketers and agencies,"Use DashThis to optimize and track all your LinkedIn data with an all-in-one Linkedin dashboard. Perfect for social media managers, marketers, and agencies.",https://dashthis.com/linkedin-dashboard/
https://dashthis.com/paid-search-dashboard/,solution/keyword pages,Paid Search Dashboard for Digital Marketers | DashThis,Paid search dashboard,"Create a complete, all-in-one automated paid search dashboard with DashThis. The perfect automated reporting tool for marketers, agencies, and freelancers.",https://dashthis.com/paid-search-dashboard/
https://dashthis.com/seo-reporting-dashboard-for-agencies/,solution/keyword pages,SEO Reporting & Client Dashboard for Agencies | DashThis,SEO Reporting Dashboard for Agencies,"DashThis is an SEO reporting dashboard built for agencies. Connect Search Console, SEMrush, Ahrefs & 30+ platforms in minutes. Try free.",https://dashthis.com/seo-reporting-dashboard-for-agencies/
https://dashthis.com/ppc-dashboard-for-digital-marketers/,solution/keyword pages,PPC Dashboards For Agencies | DashThis,PPC Dashboard,Track all your PPC performance and combine multiple data sources in one marketing analytics dashboard.,https://dashthis.com/ppc-dashboard-for-digital-marketers/
https://dashthis.com/google-ads-dashboards-for-agencies/,solution/keyword pages,Google Ads Dashboard | DashThis,Google Ads Dashboard,"A Google Ads dashboard allows digital marketers to track campaign performance, combine data sources and visualize Google Ads data.",https://dashthis.com/google-ads-dashboards-for-agencies/
https://dashthis.com/marketing-kpi-dashboard-for-marketers/,solution/keyword pages,Marketing KPI Dashboard | DashThis,Marketing KPI Dashboard,"A marketing KPI dashboard lets digital marketers bring together all their marketing data, from web analytics to SEO, and easily track marketing metrics.",https://dashthis.com/marketing-kpi-dashboard-for-marketers/
https://dashthis.com/data-visualization-dashboard/,solution/keyword pages,Data Visualization Dashboard | DashThis,Data Visualization Dashboard,"A data visualization dashboard allows digital marketers to track multiple data sources and visualize the data, ensuring a solid data set for decision-makers.",https://dashthis.com/data-visualization-dashboard/
https://dashthis.com/sales-performance-dashboard/,solution/keyword pages,Sales Performance Dashboard | DashThis,Sales Performance Dashboard,A sales performance dashboard allows you to track KPIs and sales metrics across the entire sales process and across multiple channels in the same dashboard.,https://dashthis.com/sales-performance-dashboard/
https://dashthis.com/social-media-marketing-dashboard/,solution/keyword pages,Social Media Marketing Dashboard | DashThis,Social Media Marketing Dashboard,A social media marketing dashboard is a tool that lets marketers and agencies track and report on marketing efforts across multiple social media channels.,https://dashthis.com/social-media-marketing-dashboard/
https://dashthis.com/healthcare-dashboard/,solution/keyword pages,Healthcare Dashboard | DashThis,Healthcare Dashboard,An easy-to-use healthcare dashboard enables you to track all your healthcare data in a clear and easy to understand interface.,https://dashthis.com/healthcare-dashboard/
https://dashthis.com/call-tracking-dashboard/,solution/keyword pages,Call Tracking Dashboard | DashThis,Call Tracking Dashboard,"A call tracking dashboard helps you display the value of your marketing work through phone call tracking KPIs, metrics, and beautiful data visualization.",https://dashthis.com/call-tracking-dashboard/
https://dashthis.com/cmo-dashboard/,solution/keyword pages,CMO Dashboard | DashThis,CMO Dashboard,CMOs need to have a great overview of their digital marketing data. A CMO marketing dashboard lets you track all your KPIs while saving you hours of work.,https://dashthis.com/cmo-dashboard/
https://dashthis.com/white-label-social-media-dashboard/,solution/keyword pages,White label social media dashboard | DashThis,White Label Social Media Dashboard,"Track your all social media marketing with a custom white-label dashboard, show your results to your clients or boss with a custom branded design and URL.",https://dashthis.com/white-label-social-media-dashboard/
https://dashthis.com/website-dashboard/,solution/keyword pages,Website Dashboard | DashThis,Website Dashboard,"A website dashboard is the best way to display the value of your online work through KPIs, metrics, and beautiful data visualization.",https://dashthis.com/website-dashboard/
https://dashthis.com/okr-dashboard/,solution/keyword pages,The Best OKR Dashboard For Agencies | DashThis,Create beautiful OKR dashboards and reports for your clients,Combine data from across multiple marketing channels into one single analytics platform with a complete OKR dashboard,https://dashthis.com/okr-dashboard/
https://dashthis.com/custom-marketing-dashboard/,solution/keyword pages,A custom marketing dashboard for agencies | DashThis,Custom marketing dashboard,A custom marketing dashboard enables marketers and agencies to combine data from multiple channels into one platform to track all their marketing efforts,https://dashthis.com/custom-marketing-dashboard/
https://dashthis.com/hubspot-marketing-dashboard/,solution/keyword pages,HubSpot Marketing Dashboard for Marketers | DashThis,Hubspot Marketing Dashboard,"Track all your HubSpot marketing metrics effortlessly with DashThis. Automate reporting, monitor campaigns, and optimize your strategy with an all-in-one",https://dashthis.com/hubspot-marketing-dashboard/
https://dashthis.com/seo-reporting-best-practices/,solution/keyword pages,SEO Reporting Best Practices You Should Know | DashThis,SEO Reporting Best Practices,"SEO without analyzing is like flying blind: you're moving, but who knows where you're going? SEO reporting is how you make sure what you're doing is working!",https://dashthis.com/seo-reporting-best-practices/
https://dashthis.com/white-label-and-custom-options/,solution/keyword pages,White Label & Custom Dashboard Options | DashThis,"White Label Reporting Software: Your Brand, Our Dashboards","DashThis' white label reporting tool gives you custom, white label reports that match your brand's personality. Customization, with the ease of automation!",https://dashthis.com/white-label-and-custom-options/
https://dashthis.com/integrations/google-analytics-dashboards/,integrations/connectors,Google Analytics Dashboards & GA4 Reports | DashThis,Google Analytics Integration with DashThis,"With our Google Analytics dashboards, it’s easy to assemble all your data together in one place… whether it’s from Google, or any other data source you use!",https://dashthis.com/integrations/google-analytics-dashboards/
https://dashthis.com/integrations/google-ads/,integrations/connectors,Google Ads Dashboards & Reports (Adwords) | DashThis,Google Ads Dashboards,A DashThis Google Ads dashboard helps you stay on top of your game in finding just the right keywords for just the right audience.,https://dashthis.com/integrations/google-ads/
https://dashthis.com/integrations/meta-ads-dashboards/,integrations/connectors,Meta Ads Dashboard: Analytics from Facebook & Instagram Ads,Meta Ads Dashboard,Optimize your social media strategy with our easy-to-use Meta dashboard. Track analytics of your paid adverstising performance across Facebook and Instagram.,https://dashthis.com/integrations/meta-ads-dashboards/
https://dashthis.com/integrations/facebook-insights-dashboards/,integrations/connectors,Facebook Insights Dashboards & Reports | DashThis,Facebook Insights Dashboards,"With DashThis’s Facebook Insights dashboards, you can track and measure how your Facebook page is working, and what you need to do to optimize it.",https://dashthis.com/integrations/facebook-insights-dashboards/
https://dashthis.com/integrations/instagram-dashboard/,integrations/connectors,The Perfect Instagram Dashboard & Report | DashThis,DashThis integrates with Instagram reporting,"Track your Instagram analytics automatically with DashThis. Connect your account, pick a template, and easily share a professional dashboard.",https://dashthis.com/integrations/instagram-dashboard/
https://dashthis.com/integrations/tiktok-ads/,integrations/connectors,The Best TikTok Ads Report & Dashboard | DashThis,DashThis integrates with TikTok Ads reporting,"By creating a TikTok Ads report, it’s easy to see how all your ads are performing over time, and also in comparison to your ads on other platforms.",https://dashthis.com/integrations/tiktok-ads/
https://dashthis.com/integrations/pinterest-ads-dashboards/,integrations/connectors,Pinterest Ads Dashboard & Analytics | DashThis,DashThis integrates with Pinterest Ads,Simplify Pinterest Ads reporting with our intuitive dashboard. Visualize key metrics and optimize your paid campaigns for better ROI.,https://dashthis.com/integrations/pinterest-ads-dashboards/
https://dashthis.com/integrations/linkedin-ads-dashboards/,integrations/connectors,LinkedIn Ads Dashboards & Reports | DashThis,LinkedIn Ads Dashboards,"DashThis is one of the few reporting tools with seamless access to LinkedIn Ads, and now, you can see all your data in one neat, beautiful dashboard.",https://dashthis.com/integrations/linkedin-ads-dashboards/
https://dashthis.com/integrations/linkedin-pages-dashboard/,integrations/connectors,LinkedIn Pages Dashboard & Report | DashThis,LinkedIn Pages Dashboard,Create a LinkedIn Pages dashboard with DashThis to track your business page performance and optimize your content for your target audience!,https://dashthis.com/integrations/linkedin-pages-dashboard/
https://dashthis.com/integrations/google-my-business-reports-dashboards/,integrations/connectors,Google Business Profile Reports & Dashboards | DashThis,Google Business Profile Reports & Dashboards,"Track all your Google Business Profile metrics in one automated dashboard. Monitor calls, searches & direction requests. Try DashThis free!",https://dashthis.com/integrations/google-my-business-reports-dashboards/
https://dashthis.com/integrations/hubspot-dashboard/,integrations/connectors,Hubspot Dashboard for your inbound marketing business | DashThis,Hubspot Dashboard,Get your own awesome Hubspot report in seconds with DashThis' easy-to-use reporting tool. Gather your digital marketing KPIs from your favorite platform.,https://dashthis.com/integrations/hubspot-dashboard/
https://dashthis.com/integrations/klaviyo/,integrations/connectors,The Best Klaviyo Report & Dashboard | DashThis,DashThis integrates with Klaviyo,"By tracking Klaviyo metrics with a custom report, you can monitor performance, optimize your campaigns and analyze user behaviors.",https://dashthis.com/integrations/klaviyo/
https://dashthis.com/integrations/facebook-ads-dashboard/,integrations/connectors,Facebook Ads Dashboard Template for Advertisers | DashThis,Facebook Ads Dashboard,"With our Facebook Ads dashboard, you can understand what tactics work, how to optimize your ads and allocate your budget accordingly. Get it free.",https://dashthis.com/integrations/facebook-ads-dashboard/
https://dashthis.com/integrations/facebook-business-manager-dashboard/,integrations/connectors,Facebook Business Manager Dashboard & Report | DashThis,Facebook Business Manager Dashboard,"A Facebook Business Manager dashboard allows you to keep track of your Facebook data, as well as all your other social media data, in one single place!",https://dashthis.com/integrations/facebook-business-manager-dashboard/
https://dashthis.com/integrations/instagram-ads-report/,integrations/connectors,The Best Instagram Ads Report & Dashboard | DashThis,Instagram Ads Report,"By creating an Instagram Ads report, it’s easy to see how all your ads are performing over time, and also in comparison to your ads on other platforms.",https://dashthis.com/integrations/instagram-ads-report/
https://dashthis.com/integrations/youtube-dashboard/,integrations/connectors,YouTube Dashboard & Report | DashThis,YouTube Dashboard,"With a DashThis YouTube dashboard, you can combine all your social media data into one; understanding and engaging your audience is easier than ever!",https://dashthis.com/integrations/youtube-dashboard/
https://dashthis.com/integrations/google-search-console-dashboard/,integrations/connectors,Google Search Console Dashboard & Report | DashThis,Google Search Console Dashboard,"With a DashThis Google Search Console dashboard, you’ll be able to track your improvements over time and optimize your website consistently.",https://dashthis.com/integrations/google-search-console-dashboard/
https://dashthis.com/integrations/semrush-dashboards/,integrations/connectors,SEMrush Dashboards for Agencies & Marketers | DashThis,SEMrush Dashboards,"With our SEMrush dashboard, you can combine all your SEO, content, and social data, from ALL your different tools, into one place. Try it free!",https://dashthis.com/integrations/semrush-dashboards/
https://dashthis.com/integrations/moz-dashboards/,integrations/connectors,Moz Dashboards & Reports to Track Your SEO | DashThis,Moz Dashboards,"Moz dashboards are the perfect SEO tools to enable you to see what’s working and what isn’t. With DashThis, you can see everything you need in one place!",https://dashthis.com/integrations/moz-dashboards/
https://dashthis.com/integrations/ahrefs-dashboards/,integrations/connectors,Automated Ahrefs Dashboard and Reports | DashThis,Build Automated Ahrefs Dashboards in DashThis,"Create great Ahrefs dashboards to keep track of your backlinks, referring domains and every other piece of SEO data you might need.",https://dashthis.com/integrations/ahrefs-dashboards/
https://dashthis.com/integrations/bing-ads-dashboard/,integrations/connectors,Bing Ads Dashboard & Report | DashThis,Bing Ads Dashboard (Now Microsoft Advertising),"With a Bing Ads dashboard, you can see all your PPC advertising data in one place, from Bing Ads, Adwords, Linkedin Ads and way more!",https://dashthis.com/integrations/bing-ads-dashboard/
https://dashthis.com/integrations/google-plus-dashboard-software/,integrations/connectors,Google+ Dashboard Software | DashThis,Google+ Dashboard Software,"With DashThis’s Google+ dashboard software, you can see what content is generating engagement, and how to improve your tactics to get the most traffic.",https://dashthis.com/integrations/google-plus-dashboard-software/
https://dashthis.com/integrations/mailchimp-dashboard/,integrations/connectors,Mailchimp Dashboard & Report | DashThis,Mailchimp Dashboard,"With a Mailchimp dashboard, combine your email marketing data with all your other data to see the correlation between your email campaigns and web traffic.",https://dashthis.com/integrations/mailchimp-dashboard/
https://dashthis.com/integrations/callrail-reporting/,integrations/connectors,CallRail Reporting Tool | DashThis,CallRail Reporting,"With a CallRail reporting tool like DashThis, you will be able to track your business' call analytics for every location and every digital marketing campaign.",https://dashthis.com/integrations/callrail-reporting/
https://dashthis.com/integrations/campaign-monitor-dashboards/,integrations/connectors,All-in-One Campaign Monitor Dashboards | DashThis,Campaign Monitor Dashboards,Measure and optimize your email marketing campaigns with our all-in-one Campaign Monitor dashboards!,https://dashthis.com/integrations/campaign-monitor-dashboards/
https://dashthis.com/integrations/webceo-report/,integrations/connectors,WebCEO Report & Dashboard | DashThis,WebCEO Report,"With a DashThis WebCEO report, you can combine all your SEO data (be it from WebCEO, or any other SEO tool) into one simple yet powerful dashboard.",https://dashthis.com/integrations/webceo-report/
https://dashthis.com/integrations/create-reports-from-csv/,integrations/connectors,Create Reports From CSV With DashThis' Automated Tool,Create Reports From CSV Files,"With DashThis you can create reports from CSV files and bring all your custom data, + all your marketing data from 35+ native integrations, into one report.",https://dashthis.com/integrations/create-reports-from-csv/
https://dashthis.com/integrations/google-sheets-reporting-tool/,integrations/connectors,The Perfect Google Sheets Reporting Tool | DashThis,The perfect Google Sheets reporting tool,"With DashThis you can create reports from Google Sheets and bring all your custom data, + all your marketing data from our native integrations, into one report.",https://dashthis.com/integrations/google-sheets-reporting-tool/
https://dashthis.com/integrations/keywordcom/,integrations/connectors,keyword.com Ranking Dashboard And Report | DashThis,Keyword.com Ranking Dashboard And Report,"With a Keyword.com ranking dashboard, you can track all your ranking data in one neat and concise dashboard.",https://dashthis.com/integrations/keywordcom/
https://dashthis.com/integrations/pinterest-dashboards/,integrations/connectors,Pinterest Dashboard: Track Your Organic Pin Performance,Pinterest integration with Dashthis,Monitor your organic Pinterest performance with our intuitive dashboard. Analyze key metrics to enhance your pins' visibility and engagement.,https://dashthis.com/integrations/pinterest-dashboards/
https://dashthis.com/integrations/tiktok-dashboards/,integrations/connectors,TikTok Dashboard: Automated TikTok Analytics Reports | DashThis,TikTok Dashboard,"Build custom TikTok dashboards to track followers, views, engagement & more. Connect your TikTok account to DashThis & create beautiful reports in minutes.",https://dashthis.com/integrations/tiktok-dashboards/
https://dashthis.com/integrations/reddit-ads-dashboards/,integrations/connectors,Reddit Ads Integration: Simplify Your Reporting with DashThis,DashThis integrates with Reddit Ads reporting,"Connect your Reddit Ads data to DashThis for effortless campaign tracking. Visualize ad performance, compare results, and automate your reporting today!",https://dashthis.com/integrations/reddit-ads-dashboards/
https://dashthis.com/blog/not-provided-keyword-3-seo-kpi-alternatives-without-keyword-data/,alternatives/comparisons,3 SEO KPI Alternatives without Keyword Data,Not Provided Keyword: 3 SEO KPI Alternatives without Keyword Data,It's a real pain to analyze your SEO performance if you receive that dreaded Not Provided Keyword. But these 3 SEO KPI alternatives should do the trick!,https://dashthis.com/blog/not-provided-keyword-3-seo-kpi-alternatives-without-keyword-data/
https://dashthis.com/blog/rablab-reportgarden-alternative/,alternatives/comparisons,Perfect ReportGarden Alternative for Agencies | DashThis,"Rablab’s Better, More Scalable ReportGarden Alternative",Looking for a ReportGarden alternative that’ll scale as fast as you? Do like Rablab Digital Agency did: choose DashThis.,https://dashthis.com/blog/rablab-reportgarden-alternative/
https://dashthis.com/bulk-dashboard-services/,solution/keyword pages,Marketing Reporting Software: Automated Dashboards for Agencies,Marketing reporting made easy,DashThis automates marketing reports for agencies and teams. Connect 30+ tools into client-ready dashboards in minutes. Try free for 14 days.,https://dashthis.com/
https://dashthis.com/ai-reporting-tool/,solution/keyword pages,AI Marketing Reporting Tool: Turn Data into Insights | DashThis,AI Reporting Tool – Turn Your Data into Actionable Insights,"Get instant AI-generated insights on your marketing data. DashThis analyzes your campaigns and surfaces wins, issues, and opportunities automatically.",https://dashthis.com/ai-reporting-tool/
