domain,url,category,path_depth,strategic_score,lastmod,sitemap
swydo.com,https://www.swydo.com/,other,0,2,2026-03-02T14:04:41+00:00,https://www.swydo.com/page-sitemap.xml
swydo.com,https://www.swydo.com/about-us/,other,1,2,2026-02-05T13:14:31+00:00,https://www.swydo.com/page-sitemap.xml
swydo.com,https://www.swydo.com/become-a-contributor/,other,1,2,2026-04-15T09:17:46+00:00,https://www.swydo.com/page-sitemap.xml
swydo.com,https://www.swydo.com/blog/,blog/resource,1,8,2025-07-16T14:21:07+00:00,https://www.swydo.com/post-sitemap.xml
swydo.com,https://www.swydo.com/blog/10-must-have-ga4-seo-reports/,blog/resource,2,10,2024-08-21T19:22:44+00:00,https://www.swydo.com/post-sitemap.xml
swydo.com,https://www.swydo.com/blog/5-local-ppc-mistakes-to-avoid/,blog/resource,2,9,2024-08-21T19:26:57+00:00,https://www.swydo.com/post-sitemap.xml
swydo.com,https://www.swydo.com/blog/6-customer-support-tips-for-digital-marketing-agencies/,blog/resource,2,9,2024-08-21T19:30:32+00:00,https://www.swydo.com/post-sitemap.xml
swydo.com,https://www.swydo.com/blog/7-powerful-ecommerce-kpis-you-need-to-track-for-growth-right-now/,blog/resource,2,9,2024-08-21T19:41:00+00:00,https://www.swydo.com/post-sitemap.xml
swydo.com,https://www.swydo.com/blog/8-powerful-ways-a-marketing-dashboard-helps-your-business-grow/,blog/resource,2,12,2024-08-21T19:30:58+00:00,https://www.swydo.com/post-sitemap.xml
swydo.com,https://www.swydo.com/blog/a-beginner-marketers-guide-to-automated-reporting-tools/,blog/resource,2,14,2024-08-21T13:39:22+00:00,https://www.swydo.com/post-sitemap.xml
swydo.com,https://www.swydo.com/blog/a-behind-the-scenes-look-at-international-search-summit/,blog/resource,2,8,2022-03-21T10:54:58+00:00,https://www.swydo.com/post-sitemap.xml
swydo.com,https://www.swydo.com/blog/agency-pricing/,blog/resource,2,12,2026-02-16T15:21:24+00:00,https://www.swydo.com/post-sitemap.xml
swydo.com,https://www.swydo.com/blog/agency-profitability/,blog/resource,2,11,2026-02-16T15:20:28+00:00,https://www.swydo.com/post-sitemap.xml
swydo.com,https://www.swydo.com/blog/agencyanalytics-alternatives/,alternative/comparison,2,16,2026-02-05T13:35:59+00:00,https://www.swydo.com/post-sitemap.xml
swydo.com,https://www.swydo.com/blog/alan-brocious-about-ppc-campaign-reporting/,blog/resource,2,14,2024-08-21T19:35:00+00:00,https://www.swydo.com/post-sitemap.xml
swydo.com,https://www.swydo.com/blog/align-ppc-campaigns-with-seo-and-content-marketing/,blog/resource,2,12,2024-08-21T19:24:38+00:00,https://www.swydo.com/post-sitemap.xml
swydo.com,https://www.swydo.com/blog/are-you-under-reporting-your-results-to-clients/,blog/resource,2,13,2025-04-24T13:41:13+00:00,https://www.swydo.com/post-sitemap.xml
swydo.com,https://www.swydo.com/blog/automate-your-tiktok-ads-performance-with-swydo/,blog/resource,2,10,2024-08-21T19:42:50+00:00,https://www.swydo.com/post-sitemap.xml
swydo.com,https://www.swydo.com/blog/backward-goal-setting/,blog/resource,2,8,2025-07-15T20:04:30+00:00,https://www.swydo.com/post-sitemap.xml
swydo.com,https://www.swydo.com/blog/become-a-creative-machine-by-tracking-personal-productivity/,blog/resource,2,8,2024-08-21T13:40:31+00:00,https://www.swydo.com/post-sitemap.xml
swydo.com,https://www.swydo.com/blog/beginners-guide-to-microsoft-ads-webinar-recap/,blog/resource,2,10,2024-06-05T15:13:02+00:00,https://www.swydo.com/post-sitemap.xml
swydo.com,https://www.swydo.com/blog/behind-the-scenes-of-marketing-analytics-summit-with-founder-jim-sterne/,blog/resource,2,10,2024-08-21T19:29:54+00:00,https://www.swydo.com/post-sitemap.xml
swydo.com,https://www.swydo.com/blog/benefits-client-reporting/,blog/resource,2,13,2025-01-03T13:31:45+00:00,https://www.swydo.com/post-sitemap.xml
swydo.com,https://www.swydo.com/blog/benefits-of-email-templates/,blog/resource,2,13,2024-10-31T13:50:48+00:00,https://www.swydo.com/post-sitemap.xml
swydo.com,https://www.swydo.com/blog/best-b2b-reporting-tools/,blog/resource,2,12,2025-11-24T11:15:40+00:00,https://www.swydo.com/post-sitemap.xml
swydo.com,https://www.swydo.com/blog/best-call-tracking-apps/,blog/resource,2,8,2025-11-19T11:33:46+00:00,https://www.swydo.com/post-sitemap.xml
swydo.com,https://www.swydo.com/blog/best-client-reporting-software/,blog/resource,2,13,2026-05-11T14:14:02+00:00,https://www.swydo.com/post-sitemap.xml
swydo.com,https://www.swydo.com/blog/best-drag-and-drop-report-builders/,blog/resource,2,9,2026-02-05T12:45:39+00:00,https://www.swydo.com/post-sitemap.xml
swydo.com,https://www.swydo.com/blog/best-email-marketing-tools/,blog/resource,2,10,2025-12-01T11:40:55+00:00,https://www.swydo.com/post-sitemap.xml
swydo.com,https://www.swydo.com/blog/best-facebook-reporting-tools/,blog/resource,2,13,2025-12-19T13:59:05+00:00,https://www.swydo.com/post-sitemap.xml
swydo.com,https://www.swydo.com/blog/best-google-ads-reporting-tools/,blog/resource,2,14,2026-04-22T12:44:47+00:00,https://www.swydo.com/post-sitemap.xml
swydo.com,https://www.swydo.com/blog/best-instagram-reporting-tools/,blog/resource,2,13,2026-05-08T12:55:20+00:00,https://www.swydo.com/post-sitemap.xml
swydo.com,https://www.swydo.com/blog/best-invoicing-software/,blog/resource,2,8,2026-05-08T12:55:30+00:00,https://www.swydo.com/post-sitemap.xml
swydo.com,https://www.swydo.com/blog/best-link-building-tools/,blog/resource,2,8,2026-02-13T17:04:53+00:00,https://www.swydo.com/post-sitemap.xml
swydo.com,https://www.swydo.com/blog/best-linkedin-analytics-tools/,blog/resource,2,10,2025-12-01T14:43:27+00:00,https://www.swydo.com/post-sitemap.xml
swydo.com,https://www.swydo.com/blog/best-linkedin-automation-tools/,blog/resource,2,10,2026-01-26T19:14:53+00:00,https://www.swydo.com/post-sitemap.xml
swydo.com,https://www.swydo.com/blog/best-looker-studio-connectors/,blog/resource,2,15,2026-04-27T21:45:24+00:00,https://www.swydo.com/post-sitemap.xml
swydo.com,https://www.swydo.com/blog/best-marketing-agency-tools/,blog/resource,2,12,2026-04-28T11:49:43+00:00,https://www.swydo.com/post-sitemap.xml
swydo.com,https://www.swydo.com/blog/best-marketing-analytics-tools/,blog/resource,2,10,2025-11-19T13:01:36+00:00,https://www.swydo.com/post-sitemap.xml
swydo.com,https://www.swydo.com/blog/best-marketing-automation-tools/,blog/resource,2,10,2026-02-11T20:19:58+00:00,https://www.swydo.com/post-sitemap.xml
swydo.com,https://www.swydo.com/blog/best-ppc-monitoring-tools/,blog/resource,2,9,2025-12-01T11:40:16+00:00,https://www.swydo.com/post-sitemap.xml
swydo.com,https://www.swydo.com/blog/best-ppc-reporting-tools/,blog/resource,2,13,2026-02-20T21:43:31+00:00,https://www.swydo.com/post-sitemap.xml
swydo.com,https://www.swydo.com/blog/best-project-management-software/,blog/resource,2,8,2025-04-15T12:37:03+00:00,https://www.swydo.com/post-sitemap.xml
swydo.com,https://www.swydo.com/blog/best-proposal-software/,blog/resource,2,8,2025-12-18T13:11:24+00:00,https://www.swydo.com/post-sitemap.xml
swydo.com,https://www.swydo.com/blog/best-report-automation-tools/,blog/resource,2,10,2026-01-15T12:02:32+00:00,https://www.swydo.com/post-sitemap.xml
swydo.com,https://www.swydo.com/blog/best-report-garden-alternatives/,alternative/comparison,2,13,2025-11-25T15:30:34+00:00,https://www.swydo.com/post-sitemap.xml
swydo.com,https://www.swydo.com/blog/best-review-management-software-platforms/,blog/resource,2,8,2026-05-08T12:55:25+00:00,https://www.swydo.com/post-sitemap.xml
swydo.com,https://www.swydo.com/blog/best-sem-reporting-tools/,blog/resource,2,12,2026-01-20T12:32:23+00:00,https://www.swydo.com/post-sitemap.xml
swydo.com,https://www.swydo.com/blog/best-seo-certification/,blog/resource,2,9,2026-03-06T17:42:00+00:00,https://www.swydo.com/post-sitemap.xml
swydo.com,https://www.swydo.com/blog/best-seo-monitoring-tools/,blog/resource,2,9,2026-02-02T13:31:59+00:00,https://www.swydo.com/post-sitemap.xml
swydo.com,https://www.swydo.com/blog/best-seo-reporting-software/,blog/resource,2,13,2026-01-12T15:30:27+00:00,https://www.swydo.com/post-sitemap.xml
swydo.com,https://www.swydo.com/blog/best-social-listening-tools/,blog/resource,2,8,2026-03-20T16:19:15+00:00,https://www.swydo.com/post-sitemap.xml
swydo.com,https://www.swydo.com/blog/best-social-media-audit-tools/,blog/resource,2,8,2025-07-23T11:24:26+00:00,https://www.swydo.com/post-sitemap.xml
swydo.com,https://www.swydo.com/blog/best-social-media-monitoring-tools/,blog/resource,2,8,2025-07-30T17:11:11+00:00,https://www.swydo.com/post-sitemap.xml
swydo.com,https://www.swydo.com/blog/best-social-media-reporting-tools/,blog/resource,2,12,2026-05-05T15:40:12+00:00,https://www.swydo.com/post-sitemap.xml
swydo.com,https://www.swydo.com/blog/best-task-management-software/,blog/resource,2,8,2025-12-19T13:59:05+00:00,https://www.swydo.com/post-sitemap.xml
swydo.com,https://www.swydo.com/blog/best-time-tracking-apps/,blog/resource,2,8,2026-03-10T14:56:28+00:00,https://www.swydo.com/post-sitemap.xml
swydo.com,https://www.swydo.com/blog/best-white-label-reporting-tools/,blog/resource,2,15,2025-12-08T17:04:11+00:00,https://www.swydo.com/post-sitemap.xml
swydo.com,https://www.swydo.com/blog/best-white-label-seo-tools/,blog/resource,2,12,2025-12-04T12:29:28+00:00,https://www.swydo.com/post-sitemap.xml
swydo.com,https://www.swydo.com/blog/boost-your-youtube-channel-performance-with-social-ads/,blog/resource,2,9,2024-08-21T19:22:15+00:00,https://www.swydo.com/post-sitemap.xml
swydo.com,https://www.swydo.com/blog/brightonseo-speaker-spotlight-amy-bishop-digital-media-consultant-at-cultivative/,blog/resource,2,9,2024-08-21T19:30:22+00:00,https://www.swydo.com/post-sitemap.xml
swydo.com,https://www.swydo.com/blog/can-ai-improve-digital-marketing-results/,blog/resource,2,10,2025-11-12T16:33:38+00:00,https://www.swydo.com/post-sitemap.xml
swydo.com,https://www.swydo.com/blog/causal-analysis/,blog/resource,2,8,2026-03-05T13:02:39+00:00,https://www.swydo.com/post-sitemap.xml
swydo.com,https://www.swydo.com/blog/client-churn-kpis/,blog/resource,2,10,2026-02-23T19:21:16+00:00,https://www.swydo.com/post-sitemap.xml
swydo.com,https://www.swydo.com/blog/client-onboarding/,blog/resource,2,9,2025-10-13T11:19:05+00:00,https://www.swydo.com/post-sitemap.xml
swydo.com,https://www.swydo.com/blog/client-reporting-best-practices/,blog/resource,2,13,2026-03-10T14:46:12+00:00,https://www.swydo.com/post-sitemap.xml
swydo.com,https://www.swydo.com/blog/client-retention/,blog/resource,2,9,2025-05-07T18:31:45+00:00,https://www.swydo.com/post-sitemap.xml
swydo.com,https://www.swydo.com/blog/communicate-b2b-value-proposition/,blog/resource,2,8,2024-08-21T19:24:54+00:00,https://www.swydo.com/post-sitemap.xml
swydo.com,https://www.swydo.com/blog/content-marketing-funnels/,blog/resource,2,9,2025-04-29T12:45:23+00:00,https://www.swydo.com/post-sitemap.xml
swydo.com,https://www.swydo.com/blog/content-marketing-kpis/,blog/resource,2,10,2025-12-18T13:16:15+00:00,https://www.swydo.com/post-sitemap.xml
swydo.com,https://www.swydo.com/blog/content-marketing/,blog/resource,2,9,2025-06-13T11:28:06+00:00,https://www.swydo.com/post-sitemap.xml
swydo.com,https://www.swydo.com/blog/content-roi/,blog/resource,2,8,2025-09-15T16:30:38+00:00,https://www.swydo.com/post-sitemap.xml
swydo.com,https://www.swydo.com/blog/conversion-journey/,blog/resource,2,8,2025-11-19T13:26:40+00:00,https://www.swydo.com/post-sitemap.xml
swydo.com,https://www.swydo.com/blog/conversion-metrics/,blog/resource,2,8,2025-10-13T11:11:29+00:00,https://www.swydo.com/post-sitemap.xml
swydo.com,https://www.swydo.com/blog/create-impactful-linkedin-ads-reports-in-5-steps/,blog/resource,2,11,2025-06-13T12:53:53+00:00,https://www.swydo.com/post-sitemap.xml
swydo.com,https://www.swydo.com/blog/create-report-from-google-sheets/,blog/resource,2,13,2025-05-19T12:43:00+00:00,https://www.swydo.com/post-sitemap.xml
swydo.com,https://www.swydo.com/blog/dashboards-vs-reports/,blog/resource,2,13,2026-04-28T11:46:05+00:00,https://www.swydo.com/post-sitemap.xml
swydo.com,https://www.swydo.com/blog/dashthis-alternatives/,alternative/comparison,2,12,2025-11-24T12:39:22+00:00,https://www.swydo.com/post-sitemap.xml
swydo.com,https://www.swydo.com/blog/data-blending/,blog/resource,2,8,2025-07-15T20:03:31+00:00,https://www.swydo.com/post-sitemap.xml
swydo.com,https://www.swydo.com/blog/data-driven-approach-to-scale-seo/,blog/resource,2,9,2024-08-21T13:22:26+00:00,https://www.swydo.com/post-sitemap.xml
swydo.com,https://www.swydo.com/blog/data-driven-marketing-agency/,blog/resource,2,12,2025-03-11T13:17:18+00:00,https://www.swydo.com/post-sitemap.xml
swydo.com,https://www.swydo.com/blog/data-storytelling/,blog/resource,2,8,2025-08-13T12:08:52+00:00,https://www.swydo.com/post-sitemap.xml
swydo.com,https://www.swydo.com/blog/data-visualization-vs-data-storytelling/,blog/resource,2,9,2026-05-08T11:30:56+00:00,https://www.swydo.com/post-sitemap.xml
swydo.com,https://www.swydo.com/blog/databox-alternatives/,alternative/comparison,2,12,2025-11-28T14:26:53+00:00,https://www.swydo.com/post-sitemap.xml
swydo.com,https://www.swydo.com/blog/descriptive-vs-inferential-statistics/,blog/resource,2,9,2025-04-14T13:23:29+00:00,https://www.swydo.com/post-sitemap.xml
swydo.com,https://www.swydo.com/blog/digital-marketing-metrics/,blog/resource,2,9,2026-04-29T14:54:19+00:00,https://www.swydo.com/post-sitemap.xml
swydo.com,https://www.swydo.com/blog/digital-marketing-trends-in-2021/,blog/resource,2,9,2024-08-21T19:25:19+00:00,https://www.swydo.com/post-sitemap.xml
swydo.com,https://www.swydo.com/blog/discrete-vs-continuous-data/,blog/resource,2,9,2025-04-28T18:39:01+00:00,https://www.swydo.com/post-sitemap.xml
swydo.com,https://www.swydo.com/blog/dutch-search-awards-swydo-winner-best-reporting-analytics-tool/,blog/resource,2,13,2024-08-21T15:18:45+00:00,https://www.swydo.com/post-sitemap.xml
swydo.com,https://www.swydo.com/blog/easy-guide-to-social-media-analytics-reporting/,blog/resource,2,14,2024-09-28T21:20:48+00:00,https://www.swydo.com/post-sitemap.xml
swydo.com,https://www.swydo.com/blog/ecommerce-metrics/,blog/resource,2,8,2026-02-02T15:11:49+00:00,https://www.swydo.com/post-sitemap.xml
swydo.com,https://www.swydo.com/blog/email-vs-social-media-marketing/,blog/resource,2,11,2025-09-18T11:22:51+00:00,https://www.swydo.com/post-sitemap.xml
swydo.com,https://www.swydo.com/blog/export-universal-analytics-data-to-google-sheets-guide/,blog/resource,2,14,2024-04-23T13:28:57+00:00,https://www.swydo.com/post-sitemap.xml
swydo.com,https://www.swydo.com/blog/facebook-ads-automated-reporting/,blog/resource,2,15,2024-09-21T11:33:22+00:00,https://www.swydo.com/post-sitemap.xml
swydo.com,https://www.swydo.com/blog/facebook-ads-metrics/,blog/resource,2,10,2026-03-19T10:22:18+00:00,https://www.swydo.com/post-sitemap.xml
swydo.com,https://www.swydo.com/blog/facebook-ads-strategy/,blog/resource,2,10,2026-03-24T09:08:55+00:00,https://www.swydo.com/post-sitemap.xml
swydo.com,https://www.swydo.com/blog/facebook-ads-to-looker-studio/,blog/resource,2,13,2026-04-27T21:47:26+00:00,https://www.swydo.com/post-sitemap.xml
swydo.com,https://www.swydo.com/blog/facebook-organic-metrics/,blog/resource,2,9,2025-09-22T11:36:38+00:00,https://www.swydo.com/post-sitemap.xml
swydo.com,https://www.swydo.com/blog/ga4-reporting-and-changes/,blog/resource,2,12,2024-09-19T17:29:04+00:00,https://www.swydo.com/post-sitemap.xml
swydo.com,https://www.swydo.com/blog/get-more-clients/,blog/resource,2,9,2025-04-21T18:02:01+00:00,https://www.swydo.com/post-sitemap.xml
swydo.com,https://www.swydo.com/blog/goal-setting-framework-goals-pyramid/,blog/resource,2,8,2024-11-22T13:29:56+00:00,https://www.swydo.com/post-sitemap.xml
swydo.com,https://www.swydo.com/blog/goal-setting-frameworks/,blog/resource,2,8,2025-05-07T11:55:20+00:00,https://www.swydo.com/post-sitemap.xml
swydo.com,https://www.swydo.com/blog/going-granular-to-maximize-paid-campaign-roi/,blog/resource,2,9,2026-05-03T11:20:50+00:00,https://www.swydo.com/post-sitemap.xml
swydo.com,https://www.swydo.com/blog/google-ads-best-practices/,blog/resource,2,10,2026-05-08T12:47:51+00:00,https://www.swydo.com/post-sitemap.xml
swydo.com,https://www.swydo.com/blog/google-ads-metrics/,blog/resource,2,10,2026-05-08T12:43:25+00:00,https://www.swydo.com/post-sitemap.xml
swydo.com,https://www.swydo.com/blog/google-ads-mistakes/,blog/resource,2,10,2026-04-26T13:21:45+00:00,https://www.swydo.com/post-sitemap.xml
swydo.com,https://www.swydo.com/blog/google-ads-optimization-checklist/,blog/resource,2,10,2026-03-04T17:58:50+00:00,https://www.swydo.com/post-sitemap.xml
swydo.com,https://www.swydo.com/blog/google-ads-reporting-for-marketing-agencies/,blog/resource,2,15,2024-09-18T11:52:35+00:00,https://www.swydo.com/post-sitemap.xml
swydo.com,https://www.swydo.com/blog/google-ads-to-looker-studio/,blog/resource,2,13,2026-04-27T21:47:14+00:00,https://www.swydo.com/post-sitemap.xml
swydo.com,https://www.swydo.com/blog/google-ads-vs-facebook-ads/,blog/resource,2,12,2026-01-15T12:03:14+00:00,https://www.swydo.com/post-sitemap.xml
swydo.com,https://www.swydo.com/blog/google-ads-vs-linkedin-ads/,blog/resource,2,12,2026-05-06T16:36:04+00:00,https://www.swydo.com/post-sitemap.xml
swydo.com,https://www.swydo.com/blog/google-analytics-4-metrics/,blog/resource,2,10,2025-02-05T12:00:54+00:00,https://www.swydo.com/post-sitemap.xml
swydo.com,https://www.swydo.com/blog/google-analytics-4-reporting-your-most-common-questions-answered/,blog/resource,2,14,2024-12-12T10:22:53+00:00,https://www.swydo.com/post-sitemap.xml
swydo.com,https://www.swydo.com/blog/google-analytics-4-vs-google-search-console/,blog/resource,2,11,2025-03-28T15:35:15+00:00,https://www.swydo.com/post-sitemap.xml
swydo.com,https://www.swydo.com/blog/google-business-profile-audits/,blog/resource,2,9,2025-02-27T18:11:58+00:00,https://www.swydo.com/post-sitemap.xml
swydo.com,https://www.swydo.com/blog/google-sheets-guide-for-the-aspiring-wizard/,blog/resource,2,13,2024-08-21T13:34:07+00:00,https://www.swydo.com/post-sitemap.xml
swydo.com,https://www.swydo.com/blog/growing-agency-networking/,blog/resource,2,11,2024-09-12T14:23:46+00:00,https://www.swydo.com/post-sitemap.xml
swydo.com,https://www.swydo.com/blog/guide-to-leveraging-linkedin-ads/,blog/resource,2,11,2024-08-21T13:32:57+00:00,https://www.swydo.com/post-sitemap.xml
swydo.com,https://www.swydo.com/blog/how-a-marketing-checklist-can-improve-your-workflow/,blog/resource,2,9,2024-08-21T13:41:00+00:00,https://www.swydo.com/post-sitemap.xml
swydo.com,https://www.swydo.com/blog/how-schema-markup-helps-your-seo-aeo-strategies-in-the-short-mid-and-long-term/,blog/resource,2,9,2024-08-21T13:23:46+00:00,https://www.swydo.com/post-sitemap.xml
swydo.com,https://www.swydo.com/blog/how-to-allocate-your-budget-by-thinking-like-a-marketing-investor/,blog/resource,2,9,2024-08-21T19:31:06+00:00,https://www.swydo.com/post-sitemap.xml
swydo.com,https://www.swydo.com/blog/how-to-balance-agency-growth/,blog/resource,2,11,2025-10-13T11:13:45+00:00,https://www.swydo.com/post-sitemap.xml
swydo.com,https://www.swydo.com/blog/how-to-become-a-linkedin-influencer/,blog/resource,2,9,2025-08-18T11:31:22+00:00,https://www.swydo.com/post-sitemap.xml
swydo.com,https://www.swydo.com/blog/how-to-blend-data-in-looker-studio/,blog/resource,2,11,2026-04-27T21:49:22+00:00,https://www.swydo.com/post-sitemap.xml
swydo.com,https://www.swydo.com/blog/how-to-choose-the-right-data-visualization/,blog/resource,2,8,2024-12-03T12:25:43+00:00,https://www.swydo.com/post-sitemap.xml
swydo.com,https://www.swydo.com/blog/how-to-customize-reports-in-ga4/,blog/resource,2,9,2024-09-19T17:31:09+00:00,https://www.swydo.com/post-sitemap.xml
swydo.com,https://www.swydo.com/blog/how-to-get-clients-on-linkedin/,blog/resource,2,10,2025-08-12T12:13:58+00:00,https://www.swydo.com/post-sitemap.xml
swydo.com,https://www.swydo.com/blog/how-to-get-clients-to-pay-on-time/,blog/resource,2,9,2026-02-11T12:54:21+00:00,https://www.swydo.com/post-sitemap.xml
swydo.com,https://www.swydo.com/blog/how-to-grow-digital-marketing-agency/,blog/resource,2,12,2025-03-24T15:40:26+00:00,https://www.swydo.com/post-sitemap.xml
swydo.com,https://www.swydo.com/blog/how-to-increase-organic-traffic/,blog/resource,2,8,2025-08-05T12:36:42+00:00,https://www.swydo.com/post-sitemap.xml
swydo.com,https://www.swydo.com/blog/how-to-increase-reach-on-facebook/,blog/resource,2,9,2025-06-12T13:05:48+00:00,https://www.swydo.com/post-sitemap.xml
swydo.com,https://www.swydo.com/blog/how-to-integrate-microsoft-ads-data-into-your-marketing-reports/,blog/resource,2,11,2024-04-23T13:40:39+00:00,https://www.swydo.com/post-sitemap.xml
swydo.com,https://www.swydo.com/blog/how-to-leverage-key-analytics-to-increase-client-retention-rates/,blog/resource,2,10,2024-08-21T19:27:12+00:00,https://www.swydo.com/post-sitemap.xml
swydo.com,https://www.swydo.com/blog/how-to-manage-client-relationships-by-thinking-like-an-employee/,blog/resource,2,9,2024-09-12T14:20:30+00:00,https://www.swydo.com/post-sitemap.xml
swydo.com,https://www.swydo.com/blog/how-to-optimize-your-paid-search-campaigns-and-website-for-conversions-in-2023/,blog/resource,2,9,2024-08-21T13:45:22+00:00,https://www.swydo.com/post-sitemap.xml
swydo.com,https://www.swydo.com/blog/how-to-refresh-data-in-looker-studio/,blog/resource,2,11,2026-04-27T21:48:45+00:00,https://www.swydo.com/post-sitemap.xml
swydo.com,https://www.swydo.com/blog/how-to-respond-when-a-client-fires-you/,blog/resource,2,9,2025-07-30T11:40:57+00:00,https://www.swydo.com/post-sitemap.xml
swydo.com,https://www.swydo.com/blog/how-to-run-campaign-on-instagram/,blog/resource,2,10,2025-03-26T17:30:05+00:00,https://www.swydo.com/post-sitemap.xml
swydo.com,https://www.swydo.com/blog/how-to-set-up-a-successful-microsoft-ads-campaign/,blog/resource,2,10,2024-01-18T09:28:21+00:00,https://www.swydo.com/post-sitemap.xml
swydo.com,https://www.swydo.com/blog/how-to-set-up-effective-marketing-analytics-dashboard/,blog/resource,2,13,2024-08-21T19:20:52+00:00,https://www.swydo.com/post-sitemap.xml
swydo.com,https://www.swydo.com/blog/how-to-set-up-events-for-tracking-g4-conversions/,blog/resource,2,8,2024-09-19T17:32:44+00:00,https://www.swydo.com/post-sitemap.xml
swydo.com,https://www.swydo.com/blog/how-to-set-up-facebook-ads-campaign/,blog/resource,2,11,2025-02-21T14:50:49+00:00,https://www.swydo.com/post-sitemap.xml
swydo.com,https://www.swydo.com/blog/how-to-set-up-linkedin-ads/,blog/resource,2,10,2025-06-09T12:23:07+00:00,https://www.swydo.com/post-sitemap.xml
swydo.com,https://www.swydo.com/blog/how-to-set-up-looker-studio-filters/,blog/resource,2,11,2026-04-27T21:48:26+00:00,https://www.swydo.com/post-sitemap.xml
swydo.com,https://www.swydo.com/blog/how-to-set-up-pinterest-ads/,blog/resource,2,9,2024-12-13T10:18:04+00:00,https://www.swydo.com/post-sitemap.xml
swydo.com,https://www.swydo.com/blog/how-to-solve-looker-studio-quota-errors/,blog/resource,2,11,2026-04-27T21:48:15+00:00,https://www.swydo.com/post-sitemap.xml
swydo.com,https://www.swydo.com/blog/how-to-use-automated-reporting-tools-to-create-actionable-insights/,blog/resource,2,13,2024-08-21T19:21:42+00:00,https://www.swydo.com/post-sitemap.xml
swydo.com,https://www.swydo.com/blog/how-to-use-linkedin-sales-navigator/,blog/resource,2,9,2025-11-11T10:50:43+00:00,https://www.swydo.com/post-sitemap.xml
swydo.com,https://www.swydo.com/blog/how-to-use-ppc-to-go-global-on-a-budget/,blog/resource,2,9,2022-03-21T10:54:58+00:00,https://www.swydo.com/post-sitemap.xml
swydo.com,https://www.swydo.com/blog/how-to-write-executive-summary/,blog/resource,2,8,2025-06-17T12:37:54+00:00,https://www.swydo.com/post-sitemap.xml
swydo.com,https://www.swydo.com/blog/hubspot-vs-google-analytics-4/,blog/resource,2,11,2026-01-15T11:57:58+00:00,https://www.swydo.com/post-sitemap.xml
swydo.com,https://www.swydo.com/blog/improving-client-communication-and-understanding-through-reporting/,blog/resource,2,13,2024-08-21T19:31:46+00:00,https://www.swydo.com/post-sitemap.xml
swydo.com,https://www.swydo.com/blog/increasing-sales-through-hyper-local-targeting/,blog/resource,2,8,2025-12-26T12:22:51+00:00,https://www.swydo.com/post-sitemap.xml
swydo.com,https://www.swydo.com/blog/instagram-ads-metrics/,blog/resource,2,10,2025-07-14T13:49:12+00:00,https://www.swydo.com/post-sitemap.xml
swydo.com,https://www.swydo.com/blog/instagram-ads-to-looker-studio/,blog/resource,2,13,2026-04-27T21:46:36+00:00,https://www.swydo.com/post-sitemap.xml
swydo.com,https://www.swydo.com/blog/instagram-organic-metrics/,blog/resource,2,9,2025-08-14T12:16:31+00:00,https://www.swydo.com/post-sitemap.xml
swydo.com,https://www.swydo.com/blog/key-steps-to-set-up-google-ads-campaigns/,blog/resource,2,11,2024-09-18T11:47:28+00:00,https://www.swydo.com/post-sitemap.xml
swydo.com,https://www.swydo.com/blog/klipfolio-alternatives/,alternative/comparison,2,12,2026-01-02T16:48:33+00:00,https://www.swydo.com/post-sitemap.xml
swydo.com,https://www.swydo.com/blog/kpi-vs-metric/,blog/resource,2,10,2025-08-04T13:19:15+00:00,https://www.swydo.com/post-sitemap.xml
swydo.com,https://www.swydo.com/blog/lead-generation-for-agencies/,blog/resource,2,8,2025-07-21T12:23:39+00:00,https://www.swydo.com/post-sitemap.xml
swydo.com,https://www.swydo.com/blog/leveraging-programmatic-advertising/,blog/resource,2,8,2022-03-21T10:55:09+00:00,https://www.swydo.com/post-sitemap.xml
swydo.com,https://www.swydo.com/blog/linkedin-ads-library/,blog/resource,2,10,2025-07-08T11:43:29+00:00,https://www.swydo.com/post-sitemap.xml
swydo.com,https://www.swydo.com/blog/linkedin-ads-looker-studio/,blog/resource,2,13,2026-04-27T21:47:03+00:00,https://www.swydo.com/post-sitemap.xml
swydo.com,https://www.swydo.com/blog/linkedin-outreach-strategy/,blog/resource,2,9,2025-07-31T12:58:33+00:00,https://www.swydo.com/post-sitemap.xml
swydo.com,https://www.swydo.com/blog/looker-studio-alternatives/,alternative/comparison,2,15,2025-11-19T13:12:48+00:00,https://www.swydo.com/post-sitemap.xml
swydo.com,https://www.swydo.com/blog/looker-studio-data-visualization/,blog/resource,2,11,2026-04-27T21:48:05+00:00,https://www.swydo.com/post-sitemap.xml
swydo.com,https://www.swydo.com/blog/looker-studio-functions/,blog/resource,2,11,2026-04-27T21:47:55+00:00,https://www.swydo.com/post-sitemap.xml
swydo.com,https://www.swydo.com/blog/looker-studio-limitations/,blog/resource,2,11,2026-04-27T21:45:58+00:00,https://www.swydo.com/post-sitemap.xml
swydo.com,https://www.swydo.com/blog/looker-studio-pricing/,blog/resource,2,12,2026-04-27T21:49:04+00:00,https://www.swydo.com/post-sitemap.xml
swydo.com,https://www.swydo.com/blog/looker-studio-regex/,blog/resource,2,11,2026-04-27T21:47:37+00:00,https://www.swydo.com/post-sitemap.xml
swydo.com,https://www.swydo.com/blog/looker-studio-to-google-sheets/,blog/resource,2,15,2026-04-27T21:49:13+00:00,https://www.swydo.com/post-sitemap.xml
swydo.com,https://www.swydo.com/blog/looker-studio-tutorial-for-beginners/,blog/resource,2,11,2026-04-27T21:48:53+00:00,https://www.swydo.com/post-sitemap.xml
swydo.com,https://www.swydo.com/blog/looker-studio-vs-power-bi/,blog/resource,2,12,2026-04-27T21:48:34+00:00,https://www.swydo.com/post-sitemap.xml
swydo.com,https://www.swydo.com/blog/looker-studio-vs-tableau/,blog/resource,2,12,2026-04-27T21:46:48+00:00,https://www.swydo.com/post-sitemap.xml
swydo.com,https://www.swydo.com/blog/making-personalization-a-reality-for-smbs/,blog/resource,2,8,2025-07-09T11:50:26+00:00,https://www.swydo.com/post-sitemap.xml
swydo.com,https://www.swydo.com/blog/marketing-analytics-dashboards-benefits/,blog/resource,2,13,2024-10-27T17:19:31+00:00,https://www.swydo.com/post-sitemap.xml
swydo.com,https://www.swydo.com/blog/marketing-attribution-models/,blog/resource,2,9,2025-04-29T13:14:42+00:00,https://www.swydo.com/post-sitemap.xml
swydo.com,https://www.swydo.com/blog/marketing-checklists/,blog/resource,2,9,2025-02-11T11:32:46+00:00,https://www.swydo.com/post-sitemap.xml
swydo.com,https://www.swydo.com/blog/marketing-measurement/,blog/resource,2,9,2026-03-26T10:13:41+00:00,https://www.swydo.com/post-sitemap.xml
swydo.com,https://www.swydo.com/blog/marketing-non-profits-challenges-successes/,blog/resource,2,9,2023-07-12T11:15:25+00:00,https://www.swydo.com/post-sitemap.xml
swydo.com,https://www.swydo.com/blog/marketing-reporting/,blog/resource,2,13,2026-04-25T15:42:00+00:00,https://www.swydo.com/post-sitemap.xml
swydo.com,https://www.swydo.com/blog/monitoring-vs-reporting-digital-marketing-guide/,blog/resource,2,15,2025-07-15T20:05:08+00:00,https://www.swydo.com/post-sitemap.xml
swydo.com,https://www.swydo.com/blog/native-advertising-for-lead-gen/,blog/resource,2,8,2025-03-23T16:32:02+00:00,https://www.swydo.com/post-sitemap.xml
swydo.com,https://www.swydo.com/blog/okr-vs-kpi/,blog/resource,2,10,2025-03-23T16:29:04+00:00,https://www.swydo.com/post-sitemap.xml
swydo.com,https://www.swydo.com/blog/on-page-seo-checklist/,blog/resource,2,9,2026-02-05T15:10:55+00:00,https://www.swydo.com/post-sitemap.xml
swydo.com,https://www.swydo.com/blog/oviond-alternatives/,alternative/comparison,2,12,2026-03-25T11:57:05+00:00,https://www.swydo.com/post-sitemap.xml
swydo.com,https://www.swydo.com/blog/paid-social-marketing/,blog/resource,2,10,2025-11-12T16:33:50+00:00,https://www.swydo.com/post-sitemap.xml
swydo.com,https://www.swydo.com/blog/parameters-vs-statistics/,blog/resource,2,9,2025-05-16T17:17:45+00:00,https://www.swydo.com/post-sitemap.xml
swydo.com,https://www.swydo.com/blog/pinterest-ads-kpis-and-metrics-to-optimize-your-campaigns/,blog/resource,2,11,2024-08-21T19:20:21+00:00,https://www.swydo.com/post-sitemap.xml
swydo.com,https://www.swydo.com/blog/platform-improvements-secure-european-search-awards-shortlist-spot/,blog/resource,2,8,2024-08-21T20:28:30+00:00,https://www.swydo.com/post-sitemap.xml
swydo.com,https://www.swydo.com/blog/porter-for-online-marketing-agencies/,blog/resource,2,9,2024-08-21T13:41:49+00:00,https://www.swydo.com/post-sitemap.xml
swydo.com,https://www.swydo.com/blog/ppc-audit/,blog/resource,2,9,2025-05-16T10:44:37+00:00,https://www.swydo.com/post-sitemap.xml
swydo.com,https://www.swydo.com/blog/ppc-competitor-analysis/,blog/resource,2,10,2025-05-16T12:43:41+00:00,https://www.swydo.com/post-sitemap.xml
swydo.com,https://www.swydo.com/blog/ppc-dashboards-guide-for-online-marketers/,blog/resource,2,13,2024-07-22T22:17:37+00:00,https://www.swydo.com/post-sitemap.xml
swydo.com,https://www.swydo.com/blog/ppc-hero-speaker-spotlight-lars-maat-messengerbot-specialist/,blog/resource,2,9,2024-08-21T19:29:36+00:00,https://www.swydo.com/post-sitemap.xml
swydo.com,https://www.swydo.com/blog/ppc-metrics/,blog/resource,2,9,2025-07-15T20:02:30+00:00,https://www.swydo.com/post-sitemap.xml
swydo.com,https://www.swydo.com/blog/ppc-proposal/,blog/resource,2,9,2025-08-20T12:57:47+00:00,https://www.swydo.com/post-sitemap.xml
swydo.com,https://www.swydo.com/blog/ppc-reporting-made-easy-top-template-picks-for-marketers/,blog/resource,2,16,2025-04-24T13:55:05+00:00,https://www.swydo.com/post-sitemap.xml
swydo.com,https://www.swydo.com/blog/ppc-tracking/,blog/resource,2,9,2025-08-26T11:28:27+00:00,https://www.swydo.com/post-sitemap.xml
swydo.com,https://www.swydo.com/blog/prospect-going-silent-after-proposal/,blog/resource,2,8,2026-01-21T13:29:45+00:00,https://www.swydo.com/post-sitemap.xml
swydo.com,https://www.swydo.com/blog/proving-digital-marketing-roi-for-offline-store-traffic-and-sales/,blog/resource,2,9,2024-08-21T19:33:03+00:00,https://www.swydo.com/post-sitemap.xml
swydo.com,https://www.swydo.com/blog/qualitative-vs-quantitative-data/,blog/resource,2,9,2025-07-15T20:03:00+00:00,https://www.swydo.com/post-sitemap.xml
swydo.com,https://www.swydo.com/blog/report-automation-for-marketing-agencies/,blog/resource,2,11,2024-08-21T13:40:22+00:00,https://www.swydo.com/post-sitemap.xml
swydo.com,https://www.swydo.com/blog/report-automation-to-improve-efficiency-and-client-satisfaction/,blog/resource,2,11,2024-08-21T13:39:59+00:00,https://www.swydo.com/post-sitemap.xml
swydo.com,https://www.swydo.com/blog/reporting-vs-analytics/,blog/resource,2,14,2025-06-03T13:09:12+00:00,https://www.swydo.com/post-sitemap.xml
swydo.com,https://www.swydo.com/blog/roas-vs-roi/,blog/resource,2,9,2025-05-27T12:05:42+00:00,https://www.swydo.com/post-sitemap.xml
swydo.com,https://www.swydo.com/blog/saas-metrics/,blog/resource,2,8,2025-11-11T10:49:52+00:00,https://www.swydo.com/post-sitemap.xml
swydo.com,https://www.swydo.com/blog/scaling-looker-studio/,blog/resource,2,11,2026-04-27T21:47:46+00:00,https://www.swydo.com/post-sitemap.xml
swydo.com,https://www.swydo.com/blog/se-ranking/,blog/resource,2,8,2024-12-12T10:13:45+00:00,https://www.swydo.com/post-sitemap.xml
swydo.com,https://www.swydo.com/blog/selecting-a-marketing-report-automation-tool/,blog/resource,2,11,2025-08-21T11:47:02+00:00,https://www.swydo.com/post-sitemap.xml
swydo.com,https://www.swydo.com/blog/seo-and-cro-how-to-combine-for-profit/,blog/resource,2,9,2022-03-21T10:54:16+00:00,https://www.swydo.com/post-sitemap.xml
swydo.com,https://www.swydo.com/blog/seo-audit/,blog/resource,2,9,2025-03-14T16:03:54+00:00,https://www.swydo.com/post-sitemap.xml
swydo.com,https://www.swydo.com/blog/seo-forecasting/,blog/resource,2,9,2025-01-15T15:25:20+00:00,https://www.swydo.com/post-sitemap.xml
swydo.com,https://www.swydo.com/blog/seo-metrics/,blog/resource,2,9,2026-02-02T13:29:45+00:00,https://www.swydo.com/post-sitemap.xml
swydo.com,https://www.swydo.com/blog/seo-proposals/,blog/resource,2,9,2025-01-08T13:53:08+00:00,https://www.swydo.com/post-sitemap.xml
swydo.com,https://www.swydo.com/blog/seo-reports-for-clients/,blog/resource,2,11,2025-05-05T15:51:51+00:00,https://www.swydo.com/post-sitemap.xml
swydo.com,https://www.swydo.com/blog/seo-tracking/,blog/resource,2,9,2025-10-13T11:13:06+00:00,https://www.swydo.com/post-sitemap.xml
swydo.com,https://www.swydo.com/blog/seo-vs-ppc/,blog/resource,2,11,2025-05-13T16:59:23+00:00,https://www.swydo.com/post-sitemap.xml
swydo.com,https://www.swydo.com/blog/seo-wars-how-competitors-can-attack-your-seo-rankings-and-what-you-can-do-about-it/,blog/resource,2,10,2024-08-21T13:23:20+00:00,https://www.swydo.com/post-sitemap.xml
swydo.com,https://www.swydo.com/blog/shopify-analytics-the-6-must-track-metrics-for-success/,blog/resource,2,9,2024-10-07T07:55:57+00:00,https://www.swydo.com/post-sitemap.xml
swydo.com,https://www.swydo.com/blog/should-marketing-agencies-charge-for-client-reports/,blog/resource,2,11,2024-03-01T18:52:21+00:00,https://www.swydo.com/post-sitemap.xml
swydo.com,https://www.swydo.com/blog/smart-goals/,blog/resource,2,8,2024-12-16T16:15:03+00:00,https://www.swydo.com/post-sitemap.xml
swydo.com,https://www.swydo.com/blog/smx-munich-speaker-spotlight-jason-barnard-brand-serp-expert/,blog/resource,2,8,2023-12-12T11:09:56+00:00,https://www.swydo.com/post-sitemap.xml
swydo.com,https://www.swydo.com/blog/smx-munich-speaker-spotlight-mike-blumenthal-local-search-marketing-expert/,blog/resource,2,9,2022-03-21T10:54:31+00:00,https://www.swydo.com/post-sitemap.xml
swydo.com,https://www.swydo.com/blog/social-media-approval-process/,blog/resource,2,8,2026-03-18T09:57:16+00:00,https://www.swydo.com/post-sitemap.xml
swydo.com,https://www.swydo.com/blog/social-media-proposals/,blog/resource,2,8,2026-01-26T13:27:17+00:00,https://www.swydo.com/post-sitemap.xml
swydo.com,https://www.swydo.com/blog/social-media-reporting-for-marketing-success/,blog/resource,2,13,2024-09-28T21:20:40+00:00,https://www.swydo.com/post-sitemap.xml
swydo.com,https://www.swydo.com/blog/social-media-roi/,blog/resource,2,8,2026-05-11T14:23:16+00:00,https://www.swydo.com/post-sitemap.xml
swydo.com,https://www.swydo.com/blog/social-media-sales-funnel/,blog/resource,2,8,2025-11-11T10:46:49+00:00,https://www.swydo.com/post-sitemap.xml
swydo.com,https://www.swydo.com/blog/state-of-ppc-global-report-2024/,blog/resource,2,10,2024-04-09T12:10:56+00:00,https://www.swydo.com/post-sitemap.xml
swydo.com,https://www.swydo.com/blog/strategies-to-optimize-ppc-campaigns-through-report-automation/,blog/resource,2,12,2024-08-21T19:21:36+00:00,https://www.swydo.com/post-sitemap.xml
swydo.com,https://www.swydo.com/blog/struggling-to-scale-your-small-agencys-marketing-reporting/,blog/resource,2,16,2024-08-21T13:38:53+00:00,https://www.swydo.com/post-sitemap.xml
swydo.com,https://www.swydo.com/blog/swydo-alternatives/,alternative/comparison,2,12,2026-02-05T13:41:10+00:00,https://www.swydo.com/post-sitemap.xml
swydo.com,https://www.swydo.com/blog/swydo-vs-agencyanalytics/,blog/resource,2,13,2025-11-11T10:52:49+00:00,https://www.swydo.com/post-sitemap.xml
swydo.com,https://www.swydo.com/blog/swydo-vs-dashthis/,blog/resource,2,9,2025-11-25T12:26:33+00:00,https://www.swydo.com/post-sitemap.xml
swydo.com,https://www.swydo.com/blog/swydo-vs-looker-studio/,blog/resource,2,12,2026-04-27T21:46:24+00:00,https://www.swydo.com/post-sitemap.xml
swydo.com,https://www.swydo.com/blog/swydo-vs-whatagraph/,blog/resource,2,9,2025-11-28T14:26:24+00:00,https://www.swydo.com/post-sitemap.xml
swydo.com,https://www.swydo.com/blog/tapclicks-alternatives/,alternative/comparison,2,12,2026-01-15T12:02:29+00:00,https://www.swydo.com/post-sitemap.xml
swydo.com,https://www.swydo.com/blog/the-agency-guide-to-ppc-microsoft-ads-vs-google-ads/,blog/resource,2,16,2024-08-21T19:21:30+00:00,https://www.swydo.com/post-sitemap.xml
swydo.com,https://www.swydo.com/blog/the-benefits-of-using-marketing-report-templates/,blog/resource,2,14,2024-08-21T19:30:04+00:00,https://www.swydo.com/post-sitemap.xml
swydo.com,https://www.swydo.com/blog/the-importance-of-client-reporting-and-communication-during-the-covid-19-crisis/,blog/resource,2,13,2025-08-05T14:44:16+00:00,https://www.swydo.com/post-sitemap.xml
swydo.com,https://www.swydo.com/blog/the-latest-trends-and-techniques-for-optimizing-microsoft-ads-campaigns/,blog/resource,2,10,2023-11-03T12:52:46+00:00,https://www.swydo.com/post-sitemap.xml
swydo.com,https://www.swydo.com/blog/the-marketing-kpis-your-client-really-cares-about/,blog/resource,2,11,2024-08-21T19:28:23+00:00,https://www.swydo.com/post-sitemap.xml
swydo.com,https://www.swydo.com/blog/tiktok-ads-boom/,blog/resource,2,10,2022-10-21T10:05:01+00:00,https://www.swydo.com/post-sitemap.xml
swydo.com,https://www.swydo.com/blog/tiktok-ads-metrics/,blog/resource,2,10,2025-07-28T21:28:50+00:00,https://www.swydo.com/post-sitemap.xml
swydo.com,https://www.swydo.com/blog/tiktok-metrics-organic/,blog/resource,2,9,2025-05-16T11:05:10+00:00,https://www.swydo.com/post-sitemap.xml
swydo.com,https://www.swydo.com/blog/top-microsoft-metrics-client-reports/,blog/resource,2,10,2024-08-21T19:21:17+00:00,https://www.swydo.com/post-sitemap.xml
swydo.com,https://www.swydo.com/blog/track-ai-traffic-in-ga4/,blog/resource,2,9,2026-03-24T08:49:13+00:00,https://www.swydo.com/post-sitemap.xml
swydo.com,https://www.swydo.com/blog/turn-customer-interviews-into-high-roi-content-and-ads/,blog/resource,2,9,2023-06-13T09:07:49+00:00,https://www.swydo.com/post-sitemap.xml
swydo.com,https://www.swydo.com/blog/turn-data-into-dynamic-campaigns-ai-driven-microsoft-ads-analysis/,blog/resource,2,10,2024-01-18T08:53:08+00:00,https://www.swydo.com/post-sitemap.xml
swydo.com,https://www.swydo.com/blog/understanding-google-analytics-4-reports/,blog/resource,2,11,2024-08-21T13:28:19+00:00,https://www.swydo.com/post-sitemap.xml
swydo.com,https://www.swydo.com/blog/unlocking-the-power-of-b2b-marketing-key-insights-from-b2believe-event-in-new-york/,blog/resource,2,9,2024-04-23T13:55:55+00:00,https://www.swydo.com/post-sitemap.xml
swydo.com,https://www.swydo.com/blog/unlocking-your-teams-hidden-potential-with-effective-delegation/,blog/resource,2,8,2024-12-16T16:15:19+00:00,https://www.swydo.com/post-sitemap.xml
swydo.com,https://www.swydo.com/blog/use-video-in-your-marketing-campaigns/,blog/resource,2,10,2024-08-21T19:25:10+00:00,https://www.swydo.com/post-sitemap.xml
swydo.com,https://www.swydo.com/blog/utm-parameters/,blog/resource,2,8,2025-10-28T11:56:20+00:00,https://www.swydo.com/post-sitemap.xml
swydo.com,https://www.swydo.com/blog/vanity-metrics/,blog/resource,2,8,2025-06-11T11:40:38+00:00,https://www.swydo.com/post-sitemap.xml
swydo.com,https://www.swydo.com/blog/video-marketing-metrics/,blog/resource,2,9,2025-12-30T14:33:07+00:00,https://www.swydo.com/post-sitemap.xml
swydo.com,https://www.swydo.com/blog/what-should-be-included-in-a-kpi-report/,blog/resource,2,10,2025-06-13T11:28:12+00:00,https://www.swydo.com/post-sitemap.xml
swydo.com,https://www.swydo.com/blog/what-to-include-in-a-marketing-report-a-quick-guide-for-agencies/,blog/resource,2,11,2024-11-20T17:36:39+00:00,https://www.swydo.com/post-sitemap.xml
swydo.com,https://www.swydo.com/blog/whatagraph-alternatives/,alternative/comparison,2,12,2026-04-27T22:02:13+00:00,https://www.swydo.com/post-sitemap.xml
swydo.com,https://www.swydo.com/blog/which-8-linkedin-ads-kpis-should-you-track/,blog/resource,2,11,2025-05-13T17:58:44+00:00,https://www.swydo.com/post-sitemap.xml
swydo.com,https://www.swydo.com/blog/why-is-looker-studio-so-slow/,blog/resource,2,11,2025-05-09T14:52:00+00:00,https://www.swydo.com/post-sitemap.xml
swydo.com,https://www.swydo.com/blog/why-should-you-start-migrating-to-ga4-now/,blog/resource,2,8,2024-08-21T13:29:54+00:00,https://www.swydo.com/post-sitemap.xml
swydo.com,https://www.swydo.com/blog/x-analytics-metrics/,blog/resource,2,9,2025-07-22T11:18:44+00:00,https://www.swydo.com/post-sitemap.xml
swydo.com,https://www.swydo.com/blog/youtube-ads-vs-facebook-ads/,blog/resource,2,11,2025-10-13T11:12:02+00:00,https://www.swydo.com/post-sitemap.xml
swydo.com,https://www.swydo.com/blog/youtube-metrics/,blog/resource,2,8,2025-11-11T10:52:52+00:00,https://www.swydo.com/post-sitemap.xml
swydo.com,https://www.swydo.com/contact-our-sales-team/,other,1,2,2022-06-28T08:39:52+00:00,https://www.swydo.com/page-sitemap.xml
swydo.com,https://www.swydo.com/contact-us/,other,1,2,2022-06-28T08:38:16+00:00,https://www.swydo.com/page-sitemap.xml
swydo.com,https://www.swydo.com/cookies/,other,1,2,2020-07-21T12:30:35+00:00,https://www.swydo.com/page-sitemap.xml
swydo.com,https://www.swydo.com/customer-testimonials/adedge-digital-marketing/,other,2,3,2025-06-04T11:17:20+00:00,https://www.swydo.com/nijm_ctestimonialp-sitemap.xml
swydo.com,https://www.swydo.com/customer-testimonials/agat/,other,2,2,2025-10-07T09:51:44+00:00,https://www.swydo.com/nijm_ctestimonialp-sitemap.xml
swydo.com,https://www.swydo.com/customer-testimonials/bentley-systems/,other,2,2,2025-04-23T14:41:26+00:00,https://www.swydo.com/nijm_ctestimonialp-sitemap.xml
swydo.com,https://www.swydo.com/customer-testimonials/bigwavemarketing/,other,2,3,2025-04-23T14:45:45+00:00,https://www.swydo.com/nijm_ctestimonialp-sitemap.xml
swydo.com,https://www.swydo.com/customer-testimonials/black-propeller-client-reporting/,agency/white-label,2,12,2025-06-04T11:18:21+00:00,https://www.swydo.com/nijm_ctestimonialp-sitemap.xml
swydo.com,https://www.swydo.com/customer-testimonials/bloom-marketing/,other,2,3,2025-06-04T11:17:19+00:00,https://www.swydo.com/nijm_ctestimonialp-sitemap.xml
swydo.com,https://www.swydo.com/customer-testimonials/botlabs/,other,2,2,2025-04-23T14:43:12+00:00,https://www.swydo.com/nijm_ctestimonialp-sitemap.xml
swydo.com,https://www.swydo.com/customer-testimonials/case-study-jemediacorp/,other,2,2,2025-04-23T14:44:03+00:00,https://www.swydo.com/nijm_ctestimonialp-sitemap.xml
swydo.com,https://www.swydo.com/customer-testimonials/cause-inspired-media/,other,2,2,2025-06-04T11:17:13+00:00,https://www.swydo.com/nijm_ctestimonialp-sitemap.xml
swydo.com,https://www.swydo.com/customer-testimonials/circa-creatia/,other,2,2,2025-10-02T13:56:24+00:00,https://www.swydo.com/nijm_ctestimonialp-sitemap.xml
swydo.com,https://www.swydo.com/customer-testimonials/citrus-nobilis/,other,2,2,2025-04-23T14:44:57+00:00,https://www.swydo.com/nijm_ctestimonialp-sitemap.xml
swydo.com,https://www.swydo.com/customer-testimonials/client-reporting/,agency/white-label,2,12,2025-04-23T14:46:40+00:00,https://www.swydo.com/nijm_ctestimonialp-sitemap.xml
swydo.com,https://www.swydo.com/customer-testimonials/customers-love-swydo-support/,other,2,2,2025-04-23T14:40:34+00:00,https://www.swydo.com/nijm_ctestimonialp-sitemap.xml
swydo.com,https://www.swydo.com/customer-testimonials/dgaz-marketing/,other,2,3,2025-06-04T11:18:19+00:00,https://www.swydo.com/nijm_ctestimonialp-sitemap.xml
swydo.com,https://www.swydo.com/customer-testimonials/effective-digital-marketing/,other,2,3,2025-06-04T11:18:20+00:00,https://www.swydo.com/nijm_ctestimonialp-sitemap.xml
swydo.com,https://www.swydo.com/customer-testimonials/elevate-digital/,other,2,2,2025-06-04T11:14:34+00:00,https://www.swydo.com/nijm_ctestimonialp-sitemap.xml
swydo.com,https://www.swydo.com/customer-testimonials/go-strategic-marketing/,other,2,3,2025-07-01T14:01:12+00:00,https://www.swydo.com/nijm_ctestimonialp-sitemap.xml
swydo.com,https://www.swydo.com/customer-testimonials/how-accuracast-scales-with-swydo/,other,2,2,2025-04-23T14:43:30+00:00,https://www.swydo.com/nijm_ctestimonialp-sitemap.xml
swydo.com,https://www.swydo.com/customer-testimonials/impremis-marketing/,other,2,3,2025-04-23T14:41:59+00:00,https://www.swydo.com/nijm_ctestimonialp-sitemap.xml
swydo.com,https://www.swydo.com/customer-testimonials/kingsberry/,other,2,2,2025-05-21T14:12:08+00:00,https://www.swydo.com/nijm_ctestimonialp-sitemap.xml
swydo.com,https://www.swydo.com/customer-testimonials/leadhub/,other,2,2,2025-08-04T09:49:28+00:00,https://www.swydo.com/nijm_ctestimonialp-sitemap.xml
swydo.com,https://www.swydo.com/customer-testimonials/loyals/,other,2,2,2025-06-04T11:18:26+00:00,https://www.swydo.com/nijm_ctestimonialp-sitemap.xml
swydo.com,https://www.swydo.com/customer-testimonials/making-science-italy/,other,2,2,2025-04-23T14:37:53+00:00,https://www.swydo.com/nijm_ctestimonialp-sitemap.xml
swydo.com,https://www.swydo.com/customer-testimonials/mondomarketing/,other,2,3,2025-04-23T14:46:51+00:00,https://www.swydo.com/nijm_ctestimonialp-sitemap.xml
swydo.com,https://www.swydo.com/customer-testimonials/monster-agency/,agency/white-label,2,10,2025-04-23T14:39:46+00:00,https://www.swydo.com/nijm_ctestimonialp-sitemap.xml
swydo.com,https://www.swydo.com/customer-testimonials/seekandhit/,other,2,2,2025-06-04T11:16:24+00:00,https://www.swydo.com/nijm_ctestimonialp-sitemap.xml
swydo.com,https://www.swydo.com/customer-testimonials/sieg-consulting/,other,2,2,2025-08-04T10:35:20+00:00,https://www.swydo.com/nijm_ctestimonialp-sitemap.xml
swydo.com,https://www.swydo.com/customer-testimonials/silver-beacon-marketing/,other,2,3,2025-06-04T11:17:21+00:00,https://www.swydo.com/nijm_ctestimonialp-sitemap.xml
swydo.com,https://www.swydo.com/customer-testimonials/soup-agency/,agency/white-label,2,10,2026-05-11T11:49:02+00:00,https://www.swydo.com/nijm_ctestimonialp-sitemap.xml
swydo.com,https://www.swydo.com/customer-testimonials/squarestar-digital/,other,2,2,2025-04-23T14:42:50+00:00,https://www.swydo.com/nijm_ctestimonialp-sitemap.xml
swydo.com,https://www.swydo.com/customer-testimonials/stubgroup/,other,2,2,2025-04-23T14:41:44+00:00,https://www.swydo.com/nijm_ctestimonialp-sitemap.xml
swydo.com,https://www.swydo.com/customer-testimonials/swydo-success-story-falcon-digital/,other,2,2,2025-04-23T14:41:06+00:00,https://www.swydo.com/nijm_ctestimonialp-sitemap.xml
swydo.com,https://www.swydo.com/customer-testimonials/the-seo-works/,other,2,3,2025-06-04T11:18:12+00:00,https://www.swydo.com/nijm_ctestimonialp-sitemap.xml
swydo.com,https://www.swydo.com/customer-testimonials/turnkey-marketing/,other,2,3,2025-06-04T11:16:30+00:00,https://www.swydo.com/nijm_ctestimonialp-sitemap.xml
swydo.com,https://www.swydo.com/customer-testimonials/underdog/,other,2,2,2025-09-17T09:30:01+00:00,https://www.swydo.com/nijm_ctestimonialp-sitemap.xml
swydo.com,https://www.swydo.com/customer-testimonials/vantage-search/,other,2,2,2025-06-04T11:15:54+00:00,https://www.swydo.com/nijm_ctestimonialp-sitemap.xml
swydo.com,https://www.swydo.com/customer-testimonials/verzso-studio/,other,2,2,2025-07-29T11:52:16+00:00,https://www.swydo.com/nijm_ctestimonialp-sitemap.xml
swydo.com,https://www.swydo.com/customer-testimonials/zato-marketing/,other,2,3,2025-04-23T14:43:47+00:00,https://www.swydo.com/nijm_ctestimonialp-sitemap.xml
swydo.com,https://www.swydo.com/customer-testimonials/zee-media/,other,2,2,2025-06-04T11:15:38+00:00,https://www.swydo.com/nijm_ctestimonialp-sitemap.xml
swydo.com,https://www.swydo.com/customer-testimonials/zelst/,other,2,2,2025-04-23T14:40:06+00:00,https://www.swydo.com/nijm_ctestimonialp-sitemap.xml
swydo.com,https://www.swydo.com/customers/,other,1,2,2026-05-11T11:50:42+00:00,https://www.swydo.com/page-sitemap.xml
swydo.com,https://www.swydo.com/data-privacy-and-storage-security/,other,1,2,2023-07-12T11:07:01+00:00,https://www.swydo.com/page-sitemap.xml
swydo.com,https://www.swydo.com/data-usage-policy/,other,1,2,2022-06-28T09:43:19+00:00,https://www.swydo.com/page-sitemap.xml
swydo.com,https://www.swydo.com/email-marketing-reporting-tool/,other,1,8,2026-02-11T08:42:45+00:00,https://www.swydo.com/page-sitemap.xml
swydo.com,https://www.swydo.com/features/ai-reporting/,product/feature,2,13,2026-01-15T12:39:40+00:00,https://www.swydo.com/page-sitemap.xml
swydo.com,https://www.swydo.com/features/data-visualizations/,product/feature,2,8,2026-01-15T08:51:28+00:00,https://www.swydo.com/page-sitemap.xml
swydo.com,https://www.swydo.com/features/goals/,product/feature,2,8,2026-01-15T09:21:36+00:00,https://www.swydo.com/page-sitemap.xml
swydo.com,https://www.swydo.com/features/monitoring/,product/feature,2,8,2026-01-15T09:17:58+00:00,https://www.swydo.com/page-sitemap.xml
swydo.com,https://www.swydo.com/features/overview/,product/feature,2,8,2025-08-25T13:56:06+00:00,https://www.swydo.com/page-sitemap.xml
swydo.com,https://www.swydo.com/features/reporting/,product/feature,2,12,2026-01-15T12:47:52+00:00,https://www.swydo.com/page-sitemap.xml
swydo.com,https://www.swydo.com/features/white-label-reporting/,agency/white-label,2,15,2026-01-15T13:28:11+00:00,https://www.swydo.com/page-sitemap.xml
swydo.com,https://www.swydo.com/features/workflow/,product/feature,2,8,2021-04-01T08:45:22+00:00,https://www.swydo.com/page-sitemap.xml
swydo.com,https://www.swydo.com/integrations/,integration/connector,1,11,2026-04-26T13:36:40+00:00,https://www.swydo.com/page-sitemap.xml
swydo.com,https://www.swydo.com/integrations/accuranker-reporting/,integration/connector,2,15,2025-08-21T11:39:20+00:00,https://www.swydo.com/page-sitemap.xml
swydo.com,https://www.swydo.com/integrations/activecampaign-reporting/,integration/connector,2,16,2025-08-22T07:30:29+00:00,https://www.swydo.com/page-sitemap.xml
swydo.com,https://www.swydo.com/integrations/adroll-reporting/,integration/connector,2,15,2025-08-27T09:58:39+00:00,https://www.swydo.com/page-sitemap.xml
swydo.com,https://www.swydo.com/integrations/callrail-reporting/,integration/connector,2,16,2025-08-27T09:50:07+00:00,https://www.swydo.com/page-sitemap.xml
swydo.com,https://www.swydo.com/integrations/calltrackingmetrics-reporting/,integration/connector,2,15,2026-03-11T10:20:36+00:00,https://www.swydo.com/page-sitemap.xml
swydo.com,https://www.swydo.com/integrations/facebook-ads-reporting/,integration/connector,2,17,2025-08-21T10:01:05+00:00,https://www.swydo.com/page-sitemap.xml
swydo.com,https://www.swydo.com/integrations/facebook-insights-reporting/,integration/connector,2,16,2025-08-21T10:02:15+00:00,https://www.swydo.com/page-sitemap.xml
swydo.com,https://www.swydo.com/integrations/google-ads-reporting/,integration/connector,2,17,2025-10-30T09:44:34+00:00,https://www.swydo.com/page-sitemap.xml
swydo.com,https://www.swydo.com/integrations/google-analytics-4-reporting-tool/,integration/connector,2,17,2025-08-21T08:27:15+00:00,https://www.swydo.com/page-sitemap.xml
swydo.com,https://www.swydo.com/integrations/google-business-profile/,integration/connector,2,12,2025-08-21T10:38:43+00:00,https://www.swydo.com/page-sitemap.xml
swydo.com,https://www.swydo.com/integrations/google-search-console-reporting/,integration/connector,2,16,2025-08-21T10:37:37+00:00,https://www.swydo.com/page-sitemap.xml
swydo.com,https://www.swydo.com/integrations/google-sheets-reporting/,integration/connector,2,19,2025-07-16T20:10:40+00:00,https://www.swydo.com/page-sitemap.xml
swydo.com,https://www.swydo.com/integrations/hubspot-marketing-reporting/,integration/connector,2,16,2025-08-21T11:33:54+00:00,https://www.swydo.com/page-sitemap.xml
swydo.com,https://www.swydo.com/integrations/instagram-ads-reporting/,integration/connector,2,17,2025-08-21T10:29:33+00:00,https://www.swydo.com/page-sitemap.xml
swydo.com,https://www.swydo.com/integrations/instagram-insights-reporting/,integration/connector,2,16,2025-08-21T10:29:55+00:00,https://www.swydo.com/page-sitemap.xml
swydo.com,https://www.swydo.com/integrations/klaviyo-reporting/,integration/connector,2,15,2025-08-21T11:36:38+00:00,https://www.swydo.com/page-sitemap.xml
swydo.com,https://www.swydo.com/integrations/linkedin-ads-reporting/,integration/connector,2,17,2025-08-21T10:27:41+00:00,https://www.swydo.com/page-sitemap.xml
swydo.com,https://www.swydo.com/integrations/linkedin-pages-reporting/,integration/connector,2,16,2025-08-21T10:28:32+00:00,https://www.swydo.com/page-sitemap.xml
swydo.com,https://www.swydo.com/integrations/mailchimp-reporting/,integration/connector,2,16,2025-08-21T11:32:41+00:00,https://www.swydo.com/page-sitemap.xml
swydo.com,https://www.swydo.com/integrations/microsoft-ads-reporting/,integration/connector,2,16,2025-08-27T09:54:32+00:00,https://www.swydo.com/page-sitemap.xml
swydo.com,https://www.swydo.com/integrations/pagespeed-insights-reporting/,integration/connector,2,15,2025-08-21T11:31:35+00:00,https://www.swydo.com/page-sitemap.xml
swydo.com,https://www.swydo.com/integrations/pingdom-reporting/,integration/connector,2,15,2025-08-21T11:40:45+00:00,https://www.swydo.com/page-sitemap.xml
swydo.com,https://www.swydo.com/integrations/pinterest-ads-reporting/,integration/connector,2,16,2025-07-16T20:07:32+00:00,https://www.swydo.com/page-sitemap.xml
swydo.com,https://www.swydo.com/integrations/pinterest-social-reporting/,integration/connector,2,15,2025-07-16T20:06:42+00:00,https://www.swydo.com/page-sitemap.xml
swydo.com,https://www.swydo.com/integrations/reddit-ads-reporting-tool/,integration/connector,2,16,2026-03-12T10:02:45+00:00,https://www.swydo.com/page-sitemap.xml
swydo.com,https://www.swydo.com/integrations/se-ranking-reporting/,integration/connector,2,15,2026-03-05T12:24:32+00:00,https://www.swydo.com/page-sitemap.xml
swydo.com,https://www.swydo.com/integrations/semrush-reporting/,integration/connector,2,15,2025-07-16T19:49:19+00:00,https://www.swydo.com/page-sitemap.xml
swydo.com,https://www.swydo.com/integrations/snapchat-ads-reporting/,integration/connector,2,16,2025-08-21T10:36:46+00:00,https://www.swydo.com/page-sitemap.xml
swydo.com,https://www.swydo.com/integrations/tiktok-ads-reporting/,integration/connector,2,17,2025-08-21T10:31:54+00:00,https://www.swydo.com/page-sitemap.xml
swydo.com,https://www.swydo.com/integrations/tiktok-organic-reporting/,integration/connector,2,16,2025-08-21T10:31:40+00:00,https://www.swydo.com/page-sitemap.xml
swydo.com,https://www.swydo.com/integrations/toggl-reporting-tool/,integration/connector,2,15,2026-03-12T10:13:42+00:00,https://www.swydo.com/page-sitemap.xml
swydo.com,https://www.swydo.com/integrations/twitter-ads-reporting/,integration/connector,2,16,2025-07-16T20:09:20+00:00,https://www.swydo.com/page-sitemap.xml
swydo.com,https://www.swydo.com/integrations/x-analytics-reporting-tool/,integration/connector,2,16,2025-07-16T19:48:18+00:00,https://www.swydo.com/page-sitemap.xml
swydo.com,https://www.swydo.com/integrations/youtube-reporting/,integration/connector,2,15,2025-08-21T10:33:28+00:00,https://www.swydo.com/page-sitemap.xml
swydo.com,https://www.swydo.com/jobs/,other,1,2,2025-01-14T11:50:46+00:00,https://www.swydo.com/page-sitemap.xml
swydo.com,https://www.swydo.com/migration-service-interest/,other,1,2,2025-06-20T13:03:05+00:00,https://www.swydo.com/page-sitemap.xml
swydo.com,https://www.swydo.com/migration-service/,other,1,2,2025-06-20T13:00:25+00:00,https://www.swydo.com/page-sitemap.xml
swydo.com,https://www.swydo.com/ppc-report-template/,other,1,7,2025-04-16T08:09:04+00:00,https://www.swydo.com/page-sitemap.xml
swydo.com,https://www.swydo.com/ppc-reporting-tool/,other,1,7,2026-02-11T08:58:57+00:00,https://www.swydo.com/page-sitemap.xml
swydo.com,https://www.swydo.com/press/,other,1,2,2021-11-01T10:50:47+00:00,https://www.swydo.com/page-sitemap.xml
swydo.com,https://www.swydo.com/pricing/,pricing,1,8,2026-04-23T10:39:32+00:00,https://www.swydo.com/page-sitemap.xml
swydo.com,https://www.swydo.com/privacy-policy/,other,1,2,2025-02-08T05:31:22+00:00,https://www.swydo.com/page-sitemap.xml
swydo.com,https://www.swydo.com/referral-program-agreement-referred-users/,other,1,2,2026-02-06T12:53:00+00:00,https://www.swydo.com/page-sitemap.xml
swydo.com,https://www.swydo.com/report-template/activecampaign-report/,template,2,12,2026-01-13T15:11:40+00:00,https://www.swydo.com/nijm_report-sitemap.xml
swydo.com,https://www.swydo.com/report-template/adroll-report/,template,2,11,2026-01-16T14:45:22+00:00,https://www.swydo.com/nijm_report-sitemap.xml
swydo.com,https://www.swydo.com/report-template/ai-traffic-report/,template,2,12,2026-02-04T11:42:23+00:00,https://www.swydo.com/nijm_report-sitemap.xml
swydo.com,https://www.swydo.com/report-template/callrail-call-analytics-report/,template,2,13,2026-01-13T15:16:18+00:00,https://www.swydo.com/nijm_report-sitemap.xml
swydo.com,https://www.swydo.com/report-template/calltrackingmetrics-report/,template,2,11,2026-02-18T10:18:29+00:00,https://www.swydo.com/nijm_report-sitemap.xml
swydo.com,https://www.swydo.com/report-template/content-marketing-report/,template,2,12,2026-01-29T08:59:09+00:00,https://www.swydo.com/nijm_report-sitemap.xml
swydo.com,https://www.swydo.com/report-template/cross-channel-marketing-report/,template,2,12,2026-02-26T11:00:23+00:00,https://www.swydo.com/nijm_report-sitemap.xml
swydo.com,https://www.swydo.com/report-template/digital-marketing-analytics-report/,template,2,13,2026-02-18T15:28:29+00:00,https://www.swydo.com/nijm_report-sitemap.xml
swydo.com,https://www.swydo.com/report-template/email-marketing-report/,template,2,13,2026-01-13T14:17:26+00:00,https://www.swydo.com/nijm_report-sitemap.xml
swydo.com,https://www.swydo.com/report-template/facebook-ads-report/,template,2,13,2026-01-13T15:00:03+00:00,https://www.swydo.com/nijm_report-sitemap.xml
swydo.com,https://www.swydo.com/report-template/facebook-page-report/,template,2,12,2026-01-16T14:09:04+00:00,https://www.swydo.com/nijm_report-sitemap.xml
swydo.com,https://www.swydo.com/report-template/google-ads-report/,template,2,13,2026-01-15T14:17:35+00:00,https://www.swydo.com/nijm_report-sitemap.xml
swydo.com,https://www.swydo.com/report-template/google-analytics-ecommerce-report/,template,2,13,2026-01-16T14:11:58+00:00,https://www.swydo.com/nijm_report-sitemap.xml
swydo.com,https://www.swydo.com/report-template/google-analytics-report/,template,2,13,2026-01-16T14:10:13+00:00,https://www.swydo.com/nijm_report-sitemap.xml
swydo.com,https://www.swydo.com/report-template/google-and-facebook-ads-report/,template,2,14,2025-10-15T13:24:29+00:00,https://www.swydo.com/nijm_report-sitemap.xml
swydo.com,https://www.swydo.com/report-template/google-business-profile-report/,template,2,12,2026-01-16T14:15:26+00:00,https://www.swydo.com/nijm_report-sitemap.xml
swydo.com,https://www.swydo.com/report-template/google-display-ads-report/,template,2,13,2026-01-16T14:07:59+00:00,https://www.swydo.com/nijm_report-sitemap.xml
swydo.com,https://www.swydo.com/report-template/google-pagespeed-report/,template,2,12,2026-01-16T14:16:33+00:00,https://www.swydo.com/nijm_report-sitemap.xml
swydo.com,https://www.swydo.com/report-template/google-search-console-report/,template,2,12,2026-01-16T14:15:57+00:00,https://www.swydo.com/nijm_report-sitemap.xml
swydo.com,https://www.swydo.com/report-template/google-shopping-ads-report/,template,2,13,2026-01-16T14:07:22+00:00,https://www.swydo.com/nijm_report-sitemap.xml
swydo.com,https://www.swydo.com/report-template/hubspot-marketing-report/,template,2,12,2026-01-16T14:38:23+00:00,https://www.swydo.com/nijm_report-sitemap.xml
swydo.com,https://www.swydo.com/report-template/hubspot-website-report/,template,2,11,2026-01-16T14:37:57+00:00,https://www.swydo.com/nijm_report-sitemap.xml
swydo.com,https://www.swydo.com/report-template/instagram-ads-report/,template,2,13,2026-01-16T14:12:41+00:00,https://www.swydo.com/nijm_report-sitemap.xml
swydo.com,https://www.swydo.com/report-template/instagram-insight-report/,template,2,12,2026-01-16T14:13:43+00:00,https://www.swydo.com/nijm_report-sitemap.xml
swydo.com,https://www.swydo.com/report-template/klaviyo-report/,template,2,11,2026-01-13T15:10:43+00:00,https://www.swydo.com/nijm_report-sitemap.xml
swydo.com,https://www.swydo.com/report-template/link-building-report/,template,2,11,2026-01-13T14:16:32+00:00,https://www.swydo.com/nijm_report-sitemap.xml
swydo.com,https://www.swydo.com/report-template/linkedin-ads-report/,template,2,13,2026-01-16T14:19:02+00:00,https://www.swydo.com/nijm_report-sitemap.xml
swydo.com,https://www.swydo.com/report-template/linkedin-page-analytics-report/,template,2,13,2025-08-21T09:43:20+00:00,https://www.swydo.com/nijm_report-sitemap.xml
swydo.com,https://www.swydo.com/report-template/mailchimp-report/,template,2,12,2026-01-16T14:45:48+00:00,https://www.swydo.com/nijm_report-sitemap.xml
swydo.com,https://www.swydo.com/report-template/marketing-analytics-report/,template,2,13,2026-01-16T14:05:04+00:00,https://www.swydo.com/nijm_report-sitemap.xml
swydo.com,https://www.swydo.com/report-template/meta-ads-report/,template,2,12,2026-01-16T14:41:29+00:00,https://www.swydo.com/nijm_report-sitemap.xml
swydo.com,https://www.swydo.com/report-template/microsoft-ads-report/,template,2,12,2026-01-16T14:14:19+00:00,https://www.swydo.com/nijm_report-sitemap.xml
swydo.com,https://www.swydo.com/report-template/pingdom-report/,template,2,11,2026-01-16T14:16:59+00:00,https://www.swydo.com/nijm_report-sitemap.xml
swydo.com,https://www.swydo.com/report-template/pinterest-ads-report/,template,2,12,2026-01-16T14:40:06+00:00,https://www.swydo.com/nijm_report-sitemap.xml
swydo.com,https://www.swydo.com/report-template/pinterest-organic-report/,template,2,11,2026-01-16T14:40:59+00:00,https://www.swydo.com/nijm_report-sitemap.xml
swydo.com,https://www.swydo.com/report-template/ppc-report/,template,2,12,2026-05-06T16:28:07+00:00,https://www.swydo.com/nijm_report-sitemap.xml
swydo.com,https://www.swydo.com/report-template/rank-tracking-report/,template,2,11,2026-01-13T10:45:38+00:00,https://www.swydo.com/nijm_report-sitemap.xml
swydo.com,https://www.swydo.com/report-template/reddit-ads-report/,template,2,12,2026-03-03T09:45:36+00:00,https://www.swydo.com/nijm_report-sitemap.xml
swydo.com,https://www.swydo.com/report-template/se-ranking-report/,template,2,11,2026-02-04T12:03:05+00:00,https://www.swydo.com/nijm_report-sitemap.xml
swydo.com,https://www.swydo.com/report-template/semrush-seo-analytics-report/,template,2,13,2026-01-16T14:38:52+00:00,https://www.swydo.com/nijm_report-sitemap.xml
swydo.com,https://www.swydo.com/report-template/seo-report/,template,2,12,2026-01-13T14:55:43+00:00,https://www.swydo.com/nijm_report-sitemap.xml
swydo.com,https://www.swydo.com/report-template/snapchat-ads-report/,template,2,12,2026-01-16T14:39:32+00:00,https://www.swydo.com/nijm_report-sitemap.xml
swydo.com,https://www.swydo.com/report-template/social-media-report/,template,2,11,2026-01-13T17:27:50+00:00,https://www.swydo.com/nijm_report-sitemap.xml
swydo.com,https://www.swydo.com/report-template/tiktok-ads-report/,template,2,13,2026-01-13T15:06:57+00:00,https://www.swydo.com/nijm_report-sitemap.xml
swydo.com,https://www.swydo.com/report-template/tiktok-report/,template,2,12,2026-01-16T14:20:37+00:00,https://www.swydo.com/nijm_report-sitemap.xml
swydo.com,https://www.swydo.com/report-template/web-analytics-report/,template,2,12,2026-01-29T08:59:33+00:00,https://www.swydo.com/nijm_report-sitemap.xml
swydo.com,https://www.swydo.com/report-template/x-analytics-report/,template,2,12,2026-01-16T14:43:32+00:00,https://www.swydo.com/nijm_report-sitemap.xml
swydo.com,https://www.swydo.com/report-template/x-twitter-ads-report/,template,2,12,2026-01-16T14:44:12+00:00,https://www.swydo.com/nijm_report-sitemap.xml
swydo.com,https://www.swydo.com/report-template/youtube-ads-report/,template,2,12,2026-01-16T14:17:33+00:00,https://www.swydo.com/nijm_report-sitemap.xml
swydo.com,https://www.swydo.com/report-template/youtube-report/,template,2,11,2026-01-16T14:18:17+00:00,https://www.swydo.com/nijm_report-sitemap.xml
swydo.com,https://www.swydo.com/report-templates/,template,1,12,2026-02-18T12:40:34+00:00,https://www.swydo.com/page-sitemap.xml
swydo.com,https://www.swydo.com/report-templates/activecampaign-example-report/,template,2,13,2026-02-18T13:10:21+00:00,https://www.swydo.com/page-sitemap.xml
swydo.com,https://www.swydo.com/report-templates/adroll-example-report/,template,2,12,2026-02-18T13:12:28+00:00,https://www.swydo.com/page-sitemap.xml
swydo.com,https://www.swydo.com/report-templates/ai-traffic-example-report/,template,2,13,2026-02-18T13:13:13+00:00,https://www.swydo.com/page-sitemap.xml
swydo.com,https://www.swydo.com/report-templates/analytics/,template,2,13,2024-07-05T11:30:21+00:00,https://www.swydo.com/page-sitemap.xml
swydo.com,https://www.swydo.com/report-templates/call-tracking/,template,2,12,2024-08-29T15:10:30+00:00,https://www.swydo.com/page-sitemap.xml
swydo.com,https://www.swydo.com/report-templates/callrail-example-report/,template,2,13,2026-02-18T12:44:45+00:00,https://www.swydo.com/page-sitemap.xml
swydo.com,https://www.swydo.com/report-templates/calltrackingmetrics-example-report/,template,2,12,2026-02-18T12:51:33+00:00,https://www.swydo.com/page-sitemap.xml
swydo.com,https://www.swydo.com/report-templates/content-marketing-example-report/,template,2,13,2026-02-18T13:13:44+00:00,https://www.swydo.com/page-sitemap.xml
swydo.com,https://www.swydo.com/report-templates/cross-channel-marketing-example-report/,template,2,13,2026-02-18T13:14:28+00:00,https://www.swydo.com/page-sitemap.xml
swydo.com,https://www.swydo.com/report-templates/digital-marketing-analytics-example-report/,template,2,14,2026-02-18T15:24:40+00:00,https://www.swydo.com/page-sitemap.xml
swydo.com,https://www.swydo.com/report-templates/ecommerce/,template,2,12,2024-07-05T10:19:46+00:00,https://www.swydo.com/page-sitemap.xml
swydo.com,https://www.swydo.com/report-templates/email-marketing-example-report/,template,2,14,2026-02-18T13:20:36+00:00,https://www.swydo.com/page-sitemap.xml
swydo.com,https://www.swydo.com/report-templates/email/,template,2,13,2024-08-29T15:09:31+00:00,https://www.swydo.com/page-sitemap.xml
swydo.com,https://www.swydo.com/report-templates/facebook-ads-example-report/,template,2,14,2026-02-18T12:41:49+00:00,https://www.swydo.com/page-sitemap.xml
swydo.com,https://www.swydo.com/report-templates/google-ads-example-report/,template,2,14,2026-02-18T13:21:41+00:00,https://www.swydo.com/page-sitemap.xml
swydo.com,https://www.swydo.com/report-templates/google-analytics-4-example-report/,template,2,14,2026-02-18T13:11:03+00:00,https://www.swydo.com/page-sitemap.xml
swydo.com,https://www.swydo.com/report-templates/google-analytics-ecommerce-example-report/,template,2,14,2026-02-18T13:11:42+00:00,https://www.swydo.com/page-sitemap.xml
swydo.com,https://www.swydo.com/report-templates/google-and-facebook-ads-example-report/,template,2,15,2026-02-18T12:53:33+00:00,https://www.swydo.com/page-sitemap.xml
swydo.com,https://www.swydo.com/report-templates/google-business-example-report/,template,2,13,2026-02-18T12:54:20+00:00,https://www.swydo.com/page-sitemap.xml
swydo.com,https://www.swydo.com/report-templates/google-display-ads-example-report/,template,2,14,2026-02-18T13:22:29+00:00,https://www.swydo.com/page-sitemap.xml
swydo.com,https://www.swydo.com/report-templates/google-search-console-example-report/,template,2,13,2026-02-18T12:55:47+00:00,https://www.swydo.com/page-sitemap.xml
swydo.com,https://www.swydo.com/report-templates/google-shopping-ads-example-report/,template,2,14,2026-02-18T13:23:19+00:00,https://www.swydo.com/page-sitemap.xml
swydo.com,https://www.swydo.com/report-templates/instagram-ads-example-report/,template,2,14,2026-02-18T12:59:51+00:00,https://www.swydo.com/page-sitemap.xml
swydo.com,https://www.swydo.com/report-templates/instagram-insights-example-report/,template,2,13,2026-02-18T13:02:00+00:00,https://www.swydo.com/page-sitemap.xml
swydo.com,https://www.swydo.com/report-templates/link-building-example-report/,template,2,12,2026-02-18T13:26:59+00:00,https://www.swydo.com/page-sitemap.xml
swydo.com,https://www.swydo.com/report-templates/linkedin-ads-example-report/,template,2,14,2026-02-18T13:02:45+00:00,https://www.swydo.com/page-sitemap.xml
swydo.com,https://www.swydo.com/report-templates/linkedin-pages-example-report/,template,2,13,2026-02-18T13:03:50+00:00,https://www.swydo.com/page-sitemap.xml
swydo.com,https://www.swydo.com/report-templates/linkedin-revenue-attribution-example-report/,template,2,13,2026-02-18T13:19:11+00:00,https://www.swydo.com/page-sitemap.xml
swydo.com,https://www.swydo.com/report-templates/local-digital-marketing-example-report/,template,2,13,2024-09-17T14:00:52+00:00,https://www.swydo.com/page-sitemap.xml
swydo.com,https://www.swydo.com/report-templates/local-digital-marketing-report-example/,template,2,13,2026-02-18T13:04:56+00:00,https://www.swydo.com/page-sitemap.xml
swydo.com,https://www.swydo.com/report-templates/marketing-analytics-example-report/,template,2,14,2026-02-18T13:30:22+00:00,https://www.swydo.com/page-sitemap.xml
swydo.com,https://www.swydo.com/report-templates/meta-ads-example-report/,template,2,13,2026-02-18T13:15:10+00:00,https://www.swydo.com/page-sitemap.xml
swydo.com,https://www.swydo.com/report-templates/microsoft-ads-example-report/,template,2,13,2026-02-18T13:05:29+00:00,https://www.swydo.com/page-sitemap.xml
swydo.com,https://www.swydo.com/report-templates/pinterest-organic-example-report/,template,2,12,2026-02-18T13:06:56+00:00,https://www.swydo.com/page-sitemap.xml
swydo.com,https://www.swydo.com/report-templates/ppc-example-report/,template,2,13,2026-02-18T13:06:10+00:00,https://www.swydo.com/page-sitemap.xml
swydo.com,https://www.swydo.com/report-templates/ppc/,template,2,13,2024-07-05T10:20:44+00:00,https://www.swydo.com/page-sitemap.xml
swydo.com,https://www.swydo.com/report-templates/rank-tracking-example-report/,template,2,12,2026-02-18T13:15:50+00:00,https://www.swydo.com/page-sitemap.xml
swydo.com,https://www.swydo.com/report-templates/reddit-ads-example-report/,template,2,13,2026-02-26T10:19:31+00:00,https://www.swydo.com/page-sitemap.xml
swydo.com,https://www.swydo.com/report-templates/sales-crm/,template,2,12,2024-07-05T10:23:55+00:00,https://www.swydo.com/page-sitemap.xml
swydo.com,https://www.swydo.com/report-templates/se-ranking-example-report/,template,2,12,2026-02-18T13:16:58+00:00,https://www.swydo.com/page-sitemap.xml
swydo.com,https://www.swydo.com/report-templates/seo-example-report/,template,2,13,2025-09-09T13:04:55+00:00,https://www.swydo.com/page-sitemap.xml
swydo.com,https://www.swydo.com/report-templates/seo/,template,2,13,2024-07-05T10:25:27+00:00,https://www.swydo.com/page-sitemap.xml
swydo.com,https://www.swydo.com/report-templates/social-media-marketing-example-report/,template,2,13,2024-10-16T12:26:37+00:00,https://www.swydo.com/page-sitemap.xml
swydo.com,https://www.swydo.com/report-templates/social-media/,template,2,12,2024-07-05T10:23:03+00:00,https://www.swydo.com/page-sitemap.xml
swydo.com,https://www.swydo.com/report-templates/tiktok-example-report/,template,2,13,2026-02-18T13:08:52+00:00,https://www.swydo.com/page-sitemap.xml
swydo.com,https://www.swydo.com/report-templates/tiktok-profile-ads-example-report/,template,2,14,2026-02-18T13:09:38+00:00,https://www.swydo.com/page-sitemap.xml
swydo.com,https://www.swydo.com/report-templates/web-analytics-example-report/,template,2,13,2026-02-18T13:17:45+00:00,https://www.swydo.com/page-sitemap.xml
swydo.com,https://www.swydo.com/report-templates/x-analytics-example-report/,template,2,13,2026-02-18T12:35:33+00:00,https://www.swydo.com/page-sitemap.xml
swydo.com,https://www.swydo.com/report-templates/x-twitter-ads-example-report/,template,2,13,2026-02-18T12:37:55+00:00,https://www.swydo.com/page-sitemap.xml
swydo.com,https://www.swydo.com/report-templates/youtube-organic-example-report/,template,2,12,2026-02-18T13:18:26+00:00,https://www.swydo.com/page-sitemap.xml
swydo.com,https://www.swydo.com/reporting-for-agencies/,other,1,6,2025-04-16T07:37:24+00:00,https://www.swydo.com/page-sitemap.xml
swydo.com,https://www.swydo.com/reporting-for-brands/,other,1,6,2024-05-02T06:51:09+00:00,https://www.swydo.com/page-sitemap.xml
swydo.com,https://www.swydo.com/reporting-franchise-organisations/,other,1,6,2024-02-26T15:15:51+00:00,https://www.swydo.com/page-sitemap.xml
swydo.com,https://www.swydo.com/seo-reporting-tool/,other,1,7,2026-02-12T12:17:12+00:00,https://www.swydo.com/page-sitemap.xml
swydo.com,https://www.swydo.com/social-media-reporting/,other,1,6,2026-02-11T08:32:19+00:00,https://www.swydo.com/page-sitemap.xml
swydo.com,https://www.swydo.com/swydo-enterprise/,other,1,2,2025-12-12T08:25:56+00:00,https://www.swydo.com/page-sitemap.xml
swydo.com,https://www.swydo.com/terms-of-use/,other,1,2,2025-02-08T05:59:52+00:00,https://www.swydo.com/page-sitemap.xml
swydo.com,https://www.swydo.com/video-tutorials/,other,1,2,2026-02-05T12:42:44+00:00,https://www.swydo.com/page-sitemap.xml
swydo.com,https://www.swydo.com/video-tutorials/brand-templates/,other,2,6,2026-02-11T12:07:56+00:00,https://www.swydo.com/nijm_video-sitemap.xml
swydo.com,https://www.swydo.com/video-tutorials/combined-data-sources/,other,2,2,2026-01-28T12:00:17+00:00,https://www.swydo.com/nijm_video-sitemap.xml
swydo.com,https://www.swydo.com/video-tutorials/custom-metrics/,other,2,2,2026-02-11T12:08:29+00:00,https://www.swydo.com/nijm_video-sitemap.xml
swydo.com,https://www.swydo.com/video-tutorials/goals/,other,2,2,2026-01-28T12:00:57+00:00,https://www.swydo.com/nijm_video-sitemap.xml
swydo.com,https://www.swydo.com/video-tutorials/how-to-use-google-sheets/,other,2,6,2026-01-22T12:22:47+00:00,https://www.swydo.com/nijm_video-sitemap.xml
swydo.com,https://www.swydo.com/video-tutorials/manual-kpis/,other,2,3,2026-01-28T12:04:56+00:00,https://www.swydo.com/nijm_video-sitemap.xml
swydo.com,https://www.swydo.com/video-tutorials/metrics-overview/,other,2,2,2026-01-28T12:23:41+00:00,https://www.swydo.com/nijm_video-sitemap.xml
swydo.com,https://www.swydo.com/video-tutorials/online-dashboards/,other,2,5,2026-02-11T12:08:43+00:00,https://www.swydo.com/nijm_video-sitemap.xml
swydo.com,https://www.swydo.com/video-tutorials/report-filters/,other,2,3,2026-01-28T12:11:17+00:00,https://www.swydo.com/nijm_video-sitemap.xml
swydo.com,https://www.swydo.com/video-tutorials/report-scheduling/,other,2,3,2026-02-17T12:04:01+00:00,https://www.swydo.com/nijm_video-sitemap.xml
swydo.com,https://www.swydo.com/video-tutorials/report-sections/,other,2,3,2026-01-28T12:13:01+00:00,https://www.swydo.com/nijm_video-sitemap.xml
swydo.com,https://www.swydo.com/video-tutorials/report-templates/,template,2,12,2026-01-28T12:16:06+00:00,https://www.swydo.com/nijm_video-sitemap.xml
swydo.com,https://www.swydo.com/video-tutorials/scheduled-overview/,other,2,2,2026-01-28T12:18:34+00:00,https://www.swydo.com/nijm_video-sitemap.xml
swydo.com,https://www.swydo.com/video-tutorials/send-log/,other,2,2,2026-01-28T12:29:54+00:00,https://www.swydo.com/nijm_video-sitemap.xml
swydo.com,https://www.swydo.com/video-tutorials/swydo-ai/,other,2,3,2026-01-28T12:36:37+00:00,https://www.swydo.com/nijm_video-sitemap.xml
swydo.com,https://www.swydo.com/video-tutorials/widgets/,other,2,2,2026-02-17T12:04:28+00:00,https://www.swydo.com/nijm_video-sitemap.xml
swydo.com,https://www.swydo.com/videos-and-webinars/,other,1,2,2023-10-31T15:14:22+00:00,https://www.swydo.com/page-sitemap.xml
swydo.com,https://www.swydo.com/webinars-old/unlocking-linkedin-success-strategies-and-tools-for-b2b-marketers/,other,2,3,2024-09-20T09:56:43+00:00,https://www.swydo.com/page-sitemap.xml
swydo.com,https://www.swydo.com/webinars/,other,1,2,2026-04-10T09:28:05+00:00,https://www.swydo.com/page-sitemap.xml
